--------------------------------------------------------
--  File created - Monday-April-14-2025   
--------------------------------------------------------
--------------------------------------------------------
--  DDL for Table GROUPS
--------------------------------------------------------

  CREATE TABLE "IS680_JANARDHANAN"."GROUPS" 
   (	"GROUP_ID" NUMBER(*,0), 
	"TOURNAMENT_ID" NUMBER(*,0), 
	"GROUP_NAME" VARCHAR2(255 BYTE)
   ) SEGMENT CREATION IMMEDIATE 
  PCTFREE 10 PCTUSED 40 INITRANS 1 MAXTRANS 255 
 NOCOMPRESS LOGGING
  STORAGE(INITIAL 65536 NEXT 1048576 MINEXTENTS 1 MAXEXTENTS 2147483645
  PCTINCREASE 0 FREELISTS 1 FREELIST GROUPS 1
  BUFFER_POOL DEFAULT FLASH_CACHE DEFAULT CELL_FLASH_CACHE DEFAULT)
  TABLESPACE "USERS" ;
--------------------------------------------------------
--  DDL for Table MATCHES
--------------------------------------------------------

  CREATE TABLE "IS680_JANARDHANAN"."MATCHES" 
   (	"MATCH_ID" NUMBER(*,0), 
	"HOME_ID" NUMBER(*,0), 
	"AWAY_ID" NUMBER(*,0), 
	"WINNER" VARCHAR2(255 BYTE), 
	"POTM" NUMBER(*,0), 
	"STATUS_ID" NUMBER(*,0), 
	"MATCH_DATE" DATE, 
	"HOME_SCORE" NUMBER(*,0), 
	"AWAY_SCORE" NUMBER(*,0), 
	"HOME_PENALTY" NUMBER(*,0), 
	"AWAY_PENALTY" NUMBER(*,0), 
	"HOME_OWN_GOAL" NUMBER(*,0), 
	"AWAY_OWN_GOAL" NUMBER(*,0), 
	"IS_ET" CHAR(1 BYTE), 
	"IS_PLAYOFF" CHAR(1 BYTE), 
	"GROUP_ID" NUMBER(*,0), 
	"TOURNAMENT_ID" NUMBER(*,0), 
	"VENUE_ID" NUMBER(*,0)
   ) SEGMENT CREATION IMMEDIATE 
  PCTFREE 10 PCTUSED 40 INITRANS 1 MAXTRANS 255 
 NOCOMPRESS LOGGING
  STORAGE(INITIAL 65536 NEXT 1048576 MINEXTENTS 1 MAXEXTENTS 2147483645
  PCTINCREASE 0 FREELISTS 1 FREELIST GROUPS 1
  BUFFER_POOL DEFAULT FLASH_CACHE DEFAULT CELL_FLASH_CACHE DEFAULT)
  TABLESPACE "USERS" ;
--------------------------------------------------------
--  DDL for Table MATCH_STATUS
--------------------------------------------------------

  CREATE TABLE "IS680_JANARDHANAN"."MATCH_STATUS" 
   (	"STATUS_ID" NUMBER(*,0), 
	"STATUS_NAME" VARCHAR2(255 BYTE)
   ) SEGMENT CREATION IMMEDIATE 
  PCTFREE 10 PCTUSED 40 INITRANS 1 MAXTRANS 255 
 NOCOMPRESS LOGGING
  STORAGE(INITIAL 65536 NEXT 1048576 MINEXTENTS 1 MAXEXTENTS 2147483645
  PCTINCREASE 0 FREELISTS 1 FREELIST GROUPS 1
  BUFFER_POOL DEFAULT FLASH_CACHE DEFAULT CELL_FLASH_CACHE DEFAULT)
  TABLESPACE "USERS" ;
--------------------------------------------------------
--  DDL for Table OFFICIALS
--------------------------------------------------------

  CREATE TABLE "IS680_JANARDHANAN"."OFFICIALS" 
   (	"OFFICIAL_ID" NUMBER(*,0), 
	"OFFICIAL_NAME" VARCHAR2(255 BYTE), 
	"DATE_OF_BIRTH" DATE, 
	"AGE" NUMBER(*,0)
   ) SEGMENT CREATION IMMEDIATE 
  PCTFREE 10 PCTUSED 40 INITRANS 1 MAXTRANS 255 
 NOCOMPRESS LOGGING
  STORAGE(INITIAL 65536 NEXT 1048576 MINEXTENTS 1 MAXEXTENTS 2147483645
  PCTINCREASE 0 FREELISTS 1 FREELIST GROUPS 1
  BUFFER_POOL DEFAULT FLASH_CACHE DEFAULT CELL_FLASH_CACHE DEFAULT)
  TABLESPACE "USERS" ;
--------------------------------------------------------
--  DDL for Table OFFICIAL_MATCH_TOURNEY
--------------------------------------------------------

  CREATE TABLE "IS680_JANARDHANAN"."OFFICIAL_MATCH_TOURNEY" 
   (	"MATCH_ID" NUMBER(*,0), 
	"OFFICIAL_ID" NUMBER(*,0), 
	"OFFICIAL_ROLE" VARCHAR2(255 BYTE)
   ) SEGMENT CREATION IMMEDIATE 
  PCTFREE 10 PCTUSED 40 INITRANS 1 MAXTRANS 255 
 NOCOMPRESS LOGGING
  STORAGE(INITIAL 65536 NEXT 1048576 MINEXTENTS 1 MAXEXTENTS 2147483645
  PCTINCREASE 0 FREELISTS 1 FREELIST GROUPS 1
  BUFFER_POOL DEFAULT FLASH_CACHE DEFAULT CELL_FLASH_CACHE DEFAULT)
  TABLESPACE "USERS" ;
--------------------------------------------------------
--  DDL for Table PLAYER
--------------------------------------------------------

  CREATE TABLE "IS680_JANARDHANAN"."PLAYER" 
   (	"PLAYER_ID" NUMBER(*,0), 
	"PLAYER_NAME" VARCHAR2(255 BYTE), 
	"AGE" NUMBER(*,0), 
	"NATIONALITY" VARCHAR2(255 BYTE), 
	"IS_FREE_AGENT" CHAR(1 BYTE), 
	"DATE_OF_BIRTH" DATE
   ) SEGMENT CREATION IMMEDIATE 
  PCTFREE 10 PCTUSED 40 INITRANS 1 MAXTRANS 255 
 NOCOMPRESS LOGGING
  STORAGE(INITIAL 65536 NEXT 1048576 MINEXTENTS 1 MAXEXTENTS 2147483645
  PCTINCREASE 0 FREELISTS 1 FREELIST GROUPS 1
  BUFFER_POOL DEFAULT FLASH_CACHE DEFAULT CELL_FLASH_CACHE DEFAULT)
  TABLESPACE "USERS" ;
--------------------------------------------------------
--  DDL for Table PLAYER_GOAL
--------------------------------------------------------

  CREATE TABLE "IS680_JANARDHANAN"."PLAYER_GOAL" 
   (	"GOAL_ID" NUMBER(*,0), 
	"PLAYER_ID" NUMBER(*,0), 
	"TEAM_ID" NUMBER(*,0), 
	"MATCH_ID" NUMBER(*,0), 
	"MINUTE_SCORED" NUMBER(*,0), 
	"GOAL_ORDER" NUMBER(*,0), 
	"IS_PENALTY" CHAR(1 BYTE), 
	"IS_OWN_GOAL" CHAR(1 BYTE), 
	"ASSIST_BY" NUMBER(*,0)
   ) SEGMENT CREATION IMMEDIATE 
  PCTFREE 10 PCTUSED 40 INITRANS 1 MAXTRANS 255 
 NOCOMPRESS LOGGING
  STORAGE(INITIAL 65536 NEXT 1048576 MINEXTENTS 1 MAXEXTENTS 2147483645
  PCTINCREASE 0 FREELISTS 1 FREELIST GROUPS 1
  BUFFER_POOL DEFAULT FLASH_CACHE DEFAULT CELL_FLASH_CACHE DEFAULT)
  TABLESPACE "USERS" ;
--------------------------------------------------------
--  DDL for Table PLAYER_POSITION
--------------------------------------------------------

  CREATE TABLE "IS680_JANARDHANAN"."PLAYER_POSITION" 
   (	"POSITION_ID" NUMBER(*,0), 
	"POSITION_NAME" VARCHAR2(255 BYTE)
   ) SEGMENT CREATION IMMEDIATE 
  PCTFREE 10 PCTUSED 40 INITRANS 1 MAXTRANS 255 
 NOCOMPRESS LOGGING
  STORAGE(INITIAL 65536 NEXT 1048576 MINEXTENTS 1 MAXEXTENTS 2147483645
  PCTINCREASE 0 FREELISTS 1 FREELIST GROUPS 1
  BUFFER_POOL DEFAULT FLASH_CACHE DEFAULT CELL_FLASH_CACHE DEFAULT)
  TABLESPACE "USERS" ;
--------------------------------------------------------
--  DDL for Table STAFF
--------------------------------------------------------

  CREATE TABLE "IS680_JANARDHANAN"."STAFF" 
   (	"STAFF_ID" NUMBER(*,0), 
	"ROLE_ID" NUMBER(*,0), 
	"STAFF_NAME" VARCHAR2(255 BYTE), 
	"APPOINTED_DATE" DATE, 
	"CONTRACT_EXPIRY" DATE
   ) SEGMENT CREATION IMMEDIATE 
  PCTFREE 10 PCTUSED 40 INITRANS 1 MAXTRANS 255 
 NOCOMPRESS LOGGING
  STORAGE(INITIAL 65536 NEXT 1048576 MINEXTENTS 1 MAXEXTENTS 2147483645
  PCTINCREASE 0 FREELISTS 1 FREELIST GROUPS 1
  BUFFER_POOL DEFAULT FLASH_CACHE DEFAULT CELL_FLASH_CACHE DEFAULT)
  TABLESPACE "USERS" ;
--------------------------------------------------------
--  DDL for Table STAFF_ROLE
--------------------------------------------------------

  CREATE TABLE "IS680_JANARDHANAN"."STAFF_ROLE" 
   (	"ROLE_ID" NUMBER(*,0), 
	"ROLE_NAME" VARCHAR2(255 BYTE)
   ) SEGMENT CREATION IMMEDIATE 
  PCTFREE 10 PCTUSED 40 INITRANS 1 MAXTRANS 255 
 NOCOMPRESS LOGGING
  STORAGE(INITIAL 65536 NEXT 1048576 MINEXTENTS 1 MAXEXTENTS 2147483645
  PCTINCREASE 0 FREELISTS 1 FREELIST GROUPS 1
  BUFFER_POOL DEFAULT FLASH_CACHE DEFAULT CELL_FLASH_CACHE DEFAULT)
  TABLESPACE "USERS" ;
--------------------------------------------------------
--  DDL for Table TEAMS
--------------------------------------------------------

  CREATE TABLE "IS680_JANARDHANAN"."TEAMS" 
   (	"TEAM_ID" NUMBER(*,0), 
	"HOME_VENUE" NUMBER(*,0), 
	"TEAM_NAME" VARCHAR2(255 BYTE), 
	"FOUNDED_YEAR" NUMBER(*,0), 
	"SQUAD_SIZE" NUMBER(*,0)
   ) SEGMENT CREATION IMMEDIATE 
  PCTFREE 10 PCTUSED 40 INITRANS 1 MAXTRANS 255 
 NOCOMPRESS LOGGING
  STORAGE(INITIAL 65536 NEXT 1048576 MINEXTENTS 1 MAXEXTENTS 2147483645
  PCTINCREASE 0 FREELISTS 1 FREELIST GROUPS 1
  BUFFER_POOL DEFAULT FLASH_CACHE DEFAULT CELL_FLASH_CACHE DEFAULT)
  TABLESPACE "USERS" ;
--------------------------------------------------------
--  DDL for Table TEAM_PLAYER
--------------------------------------------------------

  CREATE TABLE "IS680_JANARDHANAN"."TEAM_PLAYER" 
   (	"TEAM_ID" NUMBER(*,0), 
	"PLAYER_ID" NUMBER(*,0), 
	"POSITION_ID" NUMBER(*,0), 
	"START_DATE" DATE, 
	"END_DATE" DATE, 
	"JERSEY_NUMBER" NUMBER(*,0)
   ) SEGMENT CREATION IMMEDIATE 
  PCTFREE 10 PCTUSED 40 INITRANS 1 MAXTRANS 255 
 NOCOMPRESS LOGGING
  STORAGE(INITIAL 65536 NEXT 1048576 MINEXTENTS 1 MAXEXTENTS 2147483645
  PCTINCREASE 0 FREELISTS 1 FREELIST GROUPS 1
  BUFFER_POOL DEFAULT FLASH_CACHE DEFAULT CELL_FLASH_CACHE DEFAULT)
  TABLESPACE "USERS" ;
--------------------------------------------------------
--  DDL for Table TEAM_STAFF
--------------------------------------------------------

  CREATE TABLE "IS680_JANARDHANAN"."TEAM_STAFF" 
   (	"STAFF_ID" NUMBER(*,0), 
	"TEAM_ID" NUMBER(*,0)
   ) SEGMENT CREATION IMMEDIATE 
  PCTFREE 10 PCTUSED 40 INITRANS 1 MAXTRANS 255 
 NOCOMPRESS LOGGING
  STORAGE(INITIAL 65536 NEXT 1048576 MINEXTENTS 1 MAXEXTENTS 2147483645
  PCTINCREASE 0 FREELISTS 1 FREELIST GROUPS 1
  BUFFER_POOL DEFAULT FLASH_CACHE DEFAULT CELL_FLASH_CACHE DEFAULT)
  TABLESPACE "USERS" ;
--------------------------------------------------------
--  DDL for Table TOURNAMENT
--------------------------------------------------------

  CREATE TABLE "IS680_JANARDHANAN"."TOURNAMENT" 
   (	"TOURNAMENT_ID" NUMBER(*,0), 
	"TOURNAMENT_NAME" VARCHAR2(255 BYTE), 
	"START_DATE" DATE, 
	"END_DATE" DATE, 
	"MAX_ON_FIELD" NUMBER(*,0), 
	"MAX_SQUAD_SIZE" NUMBER(*,0), 
	"GAME_TIME" VARCHAR2(255 BYTE), 
	"NUMBER_OF_GAMES" NUMBER(*,0), 
	"EXTRA_TIME" NUMBER(*,0)
   ) SEGMENT CREATION IMMEDIATE 
  PCTFREE 10 PCTUSED 40 INITRANS 1 MAXTRANS 255 
 NOCOMPRESS LOGGING
  STORAGE(INITIAL 65536 NEXT 1048576 MINEXTENTS 1 MAXEXTENTS 2147483645
  PCTINCREASE 0 FREELISTS 1 FREELIST GROUPS 1
  BUFFER_POOL DEFAULT FLASH_CACHE DEFAULT CELL_FLASH_CACHE DEFAULT)
  TABLESPACE "USERS" ;
--------------------------------------------------------
--  DDL for Table TOURNEY_GROUP_TEAM
--------------------------------------------------------

  CREATE TABLE "IS680_JANARDHANAN"."TOURNEY_GROUP_TEAM" 
   (	"GROUP_ID" NUMBER(*,0), 
	"TOURNAMENT_ID" NUMBER(*,0), 
	"TEAM_ID" NUMBER(*,0), 
	"POINTS" NUMBER(*,0), 
	"STANDING" NUMBER(*,0), 
	"IS_QUALIFIED" CHAR(1 BYTE)
   ) SEGMENT CREATION IMMEDIATE 
  PCTFREE 10 PCTUSED 40 INITRANS 1 MAXTRANS 255 
 NOCOMPRESS LOGGING
  STORAGE(INITIAL 65536 NEXT 1048576 MINEXTENTS 1 MAXEXTENTS 2147483645
  PCTINCREASE 0 FREELISTS 1 FREELIST GROUPS 1
  BUFFER_POOL DEFAULT FLASH_CACHE DEFAULT CELL_FLASH_CACHE DEFAULT)
  TABLESPACE "USERS" ;
--------------------------------------------------------
--  DDL for Table VENUE
--------------------------------------------------------

  CREATE TABLE "IS680_JANARDHANAN"."VENUE" 
   (	"VENUE_ID" NUMBER(*,0), 
	"VENUE_NAME" VARCHAR2(255 BYTE)
   ) SEGMENT CREATION IMMEDIATE 
  PCTFREE 10 PCTUSED 40 INITRANS 1 MAXTRANS 255 
 NOCOMPRESS LOGGING
  STORAGE(INITIAL 65536 NEXT 1048576 MINEXTENTS 1 MAXEXTENTS 2147483645
  PCTINCREASE 0 FREELISTS 1 FREELIST GROUPS 1
  BUFFER_POOL DEFAULT FLASH_CACHE DEFAULT CELL_FLASH_CACHE DEFAULT)
  TABLESPACE "USERS" ;
--------------------------------------------------------
--  DDL for View PENALTY_DECIDED_MATCHES
--------------------------------------------------------

  CREATE OR REPLACE FORCE EDITIONABLE VIEW "IS680_JANARDHANAN"."PENALTY_DECIDED_MATCHES" ("MATCH_ID", "HOME_TEAM", "AWAY_TEAM", "MATCH_DATE", "HOME_PENALTY", "AWAY_PENALTY", "WINNER") AS 
  SELECT 
    M.MATCH_ID,
    H.TEAM_NAME AS HOME_TEAM,
    A.TEAM_NAME AS AWAY_TEAM,
    M.MATCH_DATE,
    M.HOME_PENALTY,
    M.AWAY_PENALTY,
    M.WINNER
FROM MATCHES M
JOIN TEAMS H ON M.HOME_ID = H.TEAM_ID
JOIN TEAMS A ON M.AWAY_ID = A.TEAM_ID
WHERE M.HOME_PENALTY IS NOT NULL 
  AND M.AWAY_PENALTY IS NOT NULL 
  AND M.HOME_PENALTY != M.AWAY_PENALTY
;
--------------------------------------------------------
--  DDL for View TEAM_PERFORMANCE_REPORT
--------------------------------------------------------

  CREATE OR REPLACE FORCE EDITIONABLE VIEW "IS680_JANARDHANAN"."TEAM_PERFORMANCE_REPORT" ("TOURNAMENT_NAME", "TEAM_NAME", "MATCHES_PLAYED", "WINS", "LOSSES", "DRAWS", "CANCELLED_MATCHES", "POINTS", "GOALS_SCORED", "GOALS_CONCEDED", "STANDING") AS 
  WITH TEAM_MATCHES AS (
    SELECT 
        M.MATCH_ID,
        M.TOURNAMENT_ID,
        T.TOURNAMENT_NAME,
        M.WINNER,
        M.STATUS_ID,
        M.HOME_ID AS TEAM_ID,
        TM.TEAM_NAME,
        'HOME' AS SIDE
    FROM MATCHES M
    JOIN TOURNAMENT T ON T.TOURNAMENT_ID = M.TOURNAMENT_ID
    JOIN TEAMS TM ON TM.TEAM_ID = M.HOME_ID

    UNION ALL

    SELECT 
        M.MATCH_ID,
        M.TOURNAMENT_ID,
        T.TOURNAMENT_NAME,
        M.WINNER,
        M.STATUS_ID,
        M.AWAY_ID AS TEAM_ID,
        TM.TEAM_NAME,
        'AWAY' AS SIDE
    FROM MATCHES M
    JOIN TOURNAMENT T ON T.TOURNAMENT_ID = M.TOURNAMENT_ID
    JOIN TEAMS TM ON TM.TEAM_ID = M.AWAY_ID
),

-- Exclude penalties
GOALS AS (
    SELECT 
        PG.MATCH_ID,
        PG.TEAM_ID,
        COUNT(*) AS GOALS_SCORED
    FROM PLAYER_GOAL PG
    WHERE PG.IS_PENALTY = 'N'
    GROUP BY PG.MATCH_ID, PG.TEAM_ID
),

TEAM_STATS AS (
    SELECT 
        TM.TOURNAMENT_NAME,
        TM.TEAM_NAME,

        COUNT(CASE WHEN WINNER <> 'CANCELLED' THEN 1 END) AS MATCHES_PLAYED,

        SUM(CASE WHEN WINNER = TM.TEAM_NAME THEN 1 ELSE 0 END) AS WINS,

        SUM(CASE 
            WHEN WINNER NOT IN ('Draw', 'CANCELLED') AND WINNER <> TM.TEAM_NAME THEN 1 
            ELSE 0 
        END) AS LOSSES,

        SUM(CASE 
            WHEN WINNER = 'Draw' THEN 1 
            ELSE 0 
        END) AS DRAWS,

        SUM(CASE 
            WHEN WINNER = 'CANCELLED' THEN 1 
            ELSE 0 
        END) AS CANCELLED_MATCHES,

        SUM(CASE 
            WHEN WINNER = TM.TEAM_NAME THEN 3
            WHEN WINNER = 'Draw' THEN 1
            ELSE 0 
        END) AS POINTS,

        -- Goals Scored (no penalties)
        SUM(NVL(GS.GOALS_SCORED, 0)) AS GOALS_SCORED,

        -- Goals Conceded (no penalties)
        SUM(NVL(GC.GOALS_SCORED, 0)) AS GOALS_CONCEDED

    FROM TEAM_MATCHES TM
    LEFT JOIN GOALS GS ON TM.MATCH_ID = GS.MATCH_ID AND TM.TEAM_ID = GS.TEAM_ID
    LEFT JOIN GOALS GC ON TM.MATCH_ID = GC.MATCH_ID AND TM.TEAM_ID <> GC.TEAM_ID
    GROUP BY TM.TOURNAMENT_NAME, TM.TEAM_NAME
),

FINAL AS (
    SELECT 
        TS.*,
        RANK() OVER (PARTITION BY TOURNAMENT_NAME ORDER BY POINTS DESC, GOALS_SCORED - GOALS_CONCEDED DESC) AS STANDING
    FROM TEAM_STATS TS
)

SELECT "TOURNAMENT_NAME","TEAM_NAME","MATCHES_PLAYED","WINS","LOSSES","DRAWS","CANCELLED_MATCHES","POINTS","GOALS_SCORED","GOALS_CONCEDED","STANDING" FROM FINAL
ORDER BY TOURNAMENT_NAME, STANDING
;
--------------------------------------------------------
--  DDL for View TOP_10_SCORERS
--------------------------------------------------------

  CREATE OR REPLACE FORCE EDITIONABLE VIEW "IS680_JANARDHANAN"."TOP_10_SCORERS" ("PLAYER_NAME", "TEAM_NAME", "PENALTY_GOALS", "OWN_GOALS", "TOTAL_GOALS") AS 
  SELECT 
    P.PLAYER_NAME,
    T.TEAM_NAME,
    COUNT(CASE WHEN PG.IS_PENALTY = 'Y' THEN 1 END) AS PENALTY_GOALS,
    COUNT(CASE WHEN PG.IS_OWN_GOAL = 'Y' THEN 1 END) AS OWN_GOALS,
    COUNT(*) AS TOTAL_GOALS
FROM PLAYER_GOAL PG
JOIN PLAYER P ON PG.PLAYER_ID = P.PLAYER_ID
JOIN TEAMS T ON PG.TEAM_ID = T.TEAM_ID
GROUP BY P.PLAYER_NAME, T.TEAM_NAME
ORDER BY TOTAL_GOALS DESC
FETCH FIRST 10 ROWS ONLY
;
--------------------------------------------------------
--  DDL for View TOURNAMENT_SUMMARY_REPORT
--------------------------------------------------------

  CREATE OR REPLACE FORCE EDITIONABLE VIEW "IS680_JANARDHANAN"."TOURNAMENT_SUMMARY_REPORT" ("TOURNAMENT_ID", "TOURNAMENT_NAME", "START_DATE", "END_DATE", "NUM_TEAMS", "NUM_MATCHES", "TOTAL_GOALS") AS 
  SELECT 
    T.TOURNAMENT_ID,
    T.TOURNAMENT_NAME,
    T.START_DATE,
    T.END_DATE,

    -- Number of distinct teams in the tournament via GROUPS
    (
        SELECT COUNT(DISTINCT TG.TEAM_ID)
        FROM GROUPS G
        JOIN TOURNEY_GROUP_TEAM TG ON G.GROUP_ID = TG.GROUP_ID
        WHERE G.TOURNAMENT_ID = T.TOURNAMENT_ID
    ) AS NUM_TEAMS,

    -- Number of matches in the tournament
    (
        SELECT COUNT(*) 
        FROM MATCHES M 
        WHERE M.TOURNAMENT_ID = T.TOURNAMENT_ID
    ) AS NUM_MATCHES,

    -- Total goals scored in the tournament
    (
        SELECT COUNT(*) 
        FROM PLAYER_GOAL PG 
        JOIN MATCHES M ON PG.MATCH_ID = M.MATCH_ID
        WHERE M.TOURNAMENT_ID = T.TOURNAMENT_ID
    ) AS TOTAL_GOALS

FROM 
    TOURNAMENT T
ORDER BY 
    T.START_DATE
;
REM INSERTING into IS680_JANARDHANAN.GROUPS
SET DEFINE OFF;
Insert into IS680_JANARDHANAN.GROUPS (GROUP_ID,TOURNAMENT_ID,GROUP_NAME) values (1,23,'Group A');
Insert into IS680_JANARDHANAN.GROUPS (GROUP_ID,TOURNAMENT_ID,GROUP_NAME) values (2,23,'Group B');
Insert into IS680_JANARDHANAN.GROUPS (GROUP_ID,TOURNAMENT_ID,GROUP_NAME) values (3,23,'Group C');
Insert into IS680_JANARDHANAN.GROUPS (GROUP_ID,TOURNAMENT_ID,GROUP_NAME) values (4,23,'Group D');
Insert into IS680_JANARDHANAN.GROUPS (GROUP_ID,TOURNAMENT_ID,GROUP_NAME) values (5,23,'Group E');
Insert into IS680_JANARDHANAN.GROUPS (GROUP_ID,TOURNAMENT_ID,GROUP_NAME) values (6,25,'Group 1');
Insert into IS680_JANARDHANAN.GROUPS (GROUP_ID,TOURNAMENT_ID,GROUP_NAME) values (7,25,'Group 2');
Insert into IS680_JANARDHANAN.GROUPS (GROUP_ID,TOURNAMENT_ID,GROUP_NAME) values (8,25,'Group 3');
Insert into IS680_JANARDHANAN.GROUPS (GROUP_ID,TOURNAMENT_ID,GROUP_NAME) values (9,21,'League');
REM INSERTING into IS680_JANARDHANAN.MATCHES
SET DEFINE OFF;
Insert into IS680_JANARDHANAN.MATCHES (MATCH_ID,HOME_ID,AWAY_ID,WINNER,POTM,STATUS_ID,MATCH_DATE,HOME_SCORE,AWAY_SCORE,HOME_PENALTY,AWAY_PENALTY,HOME_OWN_GOAL,AWAY_OWN_GOAL,IS_ET,IS_PLAYOFF,GROUP_ID,TOURNAMENT_ID,VENUE_ID) values (1,1,2,'Manchester United',null,1,to_date('05-06-23','DD-MM-RR'),2,1,0,0,0,0,'N','N',1,23,1);
Insert into IS680_JANARDHANAN.MATCHES (MATCH_ID,HOME_ID,AWAY_ID,WINNER,POTM,STATUS_ID,MATCH_DATE,HOME_SCORE,AWAY_SCORE,HOME_PENALTY,AWAY_PENALTY,HOME_OWN_GOAL,AWAY_OWN_GOAL,IS_ET,IS_PLAYOFF,GROUP_ID,TOURNAMENT_ID,VENUE_ID) values (2,1,3,'Manchester United',null,1,to_date('10-06-23','DD-MM-RR'),3,1,0,0,0,0,'Y','N',1,23,1);
Insert into IS680_JANARDHANAN.MATCHES (MATCH_ID,HOME_ID,AWAY_ID,WINNER,POTM,STATUS_ID,MATCH_DATE,HOME_SCORE,AWAY_SCORE,HOME_PENALTY,AWAY_PENALTY,HOME_OWN_GOAL,AWAY_OWN_GOAL,IS_ET,IS_PLAYOFF,GROUP_ID,TOURNAMENT_ID,VENUE_ID) values (3,2,3,'Draw',null,1,to_date('10-06-23','DD-MM-RR'),1,1,0,0,0,0,'N','N',1,23,2);
Insert into IS680_JANARDHANAN.MATCHES (MATCH_ID,HOME_ID,AWAY_ID,WINNER,POTM,STATUS_ID,MATCH_DATE,HOME_SCORE,AWAY_SCORE,HOME_PENALTY,AWAY_PENALTY,HOME_OWN_GOAL,AWAY_OWN_GOAL,IS_ET,IS_PLAYOFF,GROUP_ID,TOURNAMENT_ID,VENUE_ID) values (4,2,1,'Draw',null,1,to_date('10-06-23','DD-MM-RR'),2,2,0,0,0,0,'N','N',1,23,2);
Insert into IS680_JANARDHANAN.MATCHES (MATCH_ID,HOME_ID,AWAY_ID,WINNER,POTM,STATUS_ID,MATCH_DATE,HOME_SCORE,AWAY_SCORE,HOME_PENALTY,AWAY_PENALTY,HOME_OWN_GOAL,AWAY_OWN_GOAL,IS_ET,IS_PLAYOFF,GROUP_ID,TOURNAMENT_ID,VENUE_ID) values (5,3,1,'Draw',null,1,to_date('10-06-23','DD-MM-RR'),1,1,0,0,0,0,'N','N',1,23,3);
Insert into IS680_JANARDHANAN.MATCHES (MATCH_ID,HOME_ID,AWAY_ID,WINNER,POTM,STATUS_ID,MATCH_DATE,HOME_SCORE,AWAY_SCORE,HOME_PENALTY,AWAY_PENALTY,HOME_OWN_GOAL,AWAY_OWN_GOAL,IS_ET,IS_PLAYOFF,GROUP_ID,TOURNAMENT_ID,VENUE_ID) values (6,3,2,'Chelsea',null,1,to_date('10-06-23','DD-MM-RR'),2,1,0,0,0,0,'N','N',1,23,3);
Insert into IS680_JANARDHANAN.MATCHES (MATCH_ID,HOME_ID,AWAY_ID,WINNER,POTM,STATUS_ID,MATCH_DATE,HOME_SCORE,AWAY_SCORE,HOME_PENALTY,AWAY_PENALTY,HOME_OWN_GOAL,AWAY_OWN_GOAL,IS_ET,IS_PLAYOFF,GROUP_ID,TOURNAMENT_ID,VENUE_ID) values (7,1,3,'Manchester United',null,1,to_date('30-07-23','DD-MM-RR'),4,4,4,3,0,0,'Y','Y',1,23,1);
REM INSERTING into IS680_JANARDHANAN.MATCH_STATUS
SET DEFINE OFF;
Insert into IS680_JANARDHANAN.MATCH_STATUS (STATUS_ID,STATUS_NAME) values (1,'Completed');
Insert into IS680_JANARDHANAN.MATCH_STATUS (STATUS_ID,STATUS_NAME) values (2,'Scheduled');
Insert into IS680_JANARDHANAN.MATCH_STATUS (STATUS_ID,STATUS_NAME) values (3,'Cancelled');
Insert into IS680_JANARDHANAN.MATCH_STATUS (STATUS_ID,STATUS_NAME) values (4,'Postponed');
REM INSERTING into IS680_JANARDHANAN.OFFICIALS
SET DEFINE OFF;
Insert into IS680_JANARDHANAN.OFFICIALS (OFFICIAL_ID,OFFICIAL_NAME,DATE_OF_BIRTH,AGE) values (1,'Michael Oliver',to_date('20-02-85','DD-MM-RR'),40);
Insert into IS680_JANARDHANAN.OFFICIALS (OFFICIAL_ID,OFFICIAL_NAME,DATE_OF_BIRTH,AGE) values (2,'Stephanie Frappart',to_date('14-12-83','DD-MM-RR'),41);
Insert into IS680_JANARDHANAN.OFFICIALS (OFFICIAL_ID,OFFICIAL_NAME,DATE_OF_BIRTH,AGE) values (3,'Daniele Orsato',to_date('23-11-75','DD-MM-RR'),49);
Insert into IS680_JANARDHANAN.OFFICIALS (OFFICIAL_ID,OFFICIAL_NAME,DATE_OF_BIRTH,AGE) values (4,'Björn Kuipers',to_date('28-03-73','DD-MM-RR'),52);
Insert into IS680_JANARDHANAN.OFFICIALS (OFFICIAL_ID,OFFICIAL_NAME,DATE_OF_BIRTH,AGE) values (5,'Mark Clattenburg',to_date('13-03-75','DD-MM-RR'),50);
Insert into IS680_JANARDHANAN.OFFICIALS (OFFICIAL_ID,OFFICIAL_NAME,DATE_OF_BIRTH,AGE) values (6,'Anthony Taylor',to_date('20-10-78','DD-MM-RR'),46);
REM INSERTING into IS680_JANARDHANAN.OFFICIAL_MATCH_TOURNEY
SET DEFINE OFF;
Insert into IS680_JANARDHANAN.OFFICIAL_MATCH_TOURNEY (MATCH_ID,OFFICIAL_ID,OFFICIAL_ROLE) values (1,1,'Referee');
Insert into IS680_JANARDHANAN.OFFICIAL_MATCH_TOURNEY (MATCH_ID,OFFICIAL_ID,OFFICIAL_ROLE) values (1,2,'Fourth Official');
Insert into IS680_JANARDHANAN.OFFICIAL_MATCH_TOURNEY (MATCH_ID,OFFICIAL_ID,OFFICIAL_ROLE) values (2,1,'Referee');
Insert into IS680_JANARDHANAN.OFFICIAL_MATCH_TOURNEY (MATCH_ID,OFFICIAL_ID,OFFICIAL_ROLE) values (2,2,'Fourth Official');
Insert into IS680_JANARDHANAN.OFFICIAL_MATCH_TOURNEY (MATCH_ID,OFFICIAL_ID,OFFICIAL_ROLE) values (3,3,'Referee');
Insert into IS680_JANARDHANAN.OFFICIAL_MATCH_TOURNEY (MATCH_ID,OFFICIAL_ID,OFFICIAL_ROLE) values (3,2,'Fourth Official');
Insert into IS680_JANARDHANAN.OFFICIAL_MATCH_TOURNEY (MATCH_ID,OFFICIAL_ID,OFFICIAL_ROLE) values (4,1,'Referee');
Insert into IS680_JANARDHANAN.OFFICIAL_MATCH_TOURNEY (MATCH_ID,OFFICIAL_ID,OFFICIAL_ROLE) values (4,3,'Fourth Official');
REM INSERTING into IS680_JANARDHANAN.PLAYER
SET DEFINE OFF;
Insert into IS680_JANARDHANAN.PLAYER (PLAYER_ID,PLAYER_NAME,AGE,NATIONALITY,IS_FREE_AGENT,DATE_OF_BIRTH) values (1,'Goutam Kalyankumar',23,'India','N',to_date('15-05-01','DD-MM-RR'));
Insert into IS680_JANARDHANAN.PLAYER (PLAYER_ID,PLAYER_NAME,AGE,NATIONALITY,IS_FREE_AGENT,DATE_OF_BIRTH) values (2,'Phil Foden',24,'England','N',to_date('28-05-00','DD-MM-RR'));
Insert into IS680_JANARDHANAN.PLAYER (PLAYER_ID,PLAYER_NAME,AGE,NATIONALITY,IS_FREE_AGENT,DATE_OF_BIRTH) values (3,'Erling Haaland',24,'England','N',to_date('21-07-00','DD-MM-RR'));
Insert into IS680_JANARDHANAN.PLAYER (PLAYER_ID,PLAYER_NAME,AGE,NATIONALITY,IS_FREE_AGENT,DATE_OF_BIRTH) values (4,'Mason Mount',26,'England','N',to_date('10-01-99','DD-MM-RR'));
Insert into IS680_JANARDHANAN.PLAYER (PLAYER_ID,PLAYER_NAME,AGE,NATIONALITY,IS_FREE_AGENT,DATE_OF_BIRTH) values (5,'Marcus Rashford',27,'England','N',to_date('31-10-97','DD-MM-RR'));
Insert into IS680_JANARDHANAN.PLAYER (PLAYER_ID,PLAYER_NAME,AGE,NATIONALITY,IS_FREE_AGENT,DATE_OF_BIRTH) values (6,'Bukayo Saka',23,'England','Y',to_date('05-09-01','DD-MM-RR'));
Insert into IS680_JANARDHANAN.PLAYER (PLAYER_ID,PLAYER_NAME,AGE,NATIONALITY,IS_FREE_AGENT,DATE_OF_BIRTH) values (7,'Mohamed Salah',32,'Egypt','Y',to_date('15-06-92','DD-MM-RR'));
Insert into IS680_JANARDHANAN.PLAYER (PLAYER_ID,PLAYER_NAME,AGE,NATIONALITY,IS_FREE_AGENT,DATE_OF_BIRTH) values (8,'Virgil van Dijk',33,'Netherlands','Y',to_date('08-07-91','DD-MM-RR'));
Insert into IS680_JANARDHANAN.PLAYER (PLAYER_ID,PLAYER_NAME,AGE,NATIONALITY,IS_FREE_AGENT,DATE_OF_BIRTH) values (9,'Yash Naik',23,'India','N',to_date('27-11-01','DD-MM-RR'));
Insert into IS680_JANARDHANAN.PLAYER (PLAYER_ID,PLAYER_NAME,AGE,NATIONALITY,IS_FREE_AGENT,DATE_OF_BIRTH) values (10,'Casemiro',33,'Brazil','N',to_date('23-02-92','DD-MM-RR'));
Insert into IS680_JANARDHANAN.PLAYER (PLAYER_ID,PLAYER_NAME,AGE,NATIONALITY,IS_FREE_AGENT,DATE_OF_BIRTH) values (11,'Son Heung-min',32,'South Korea','Y',to_date('08-07-92','DD-MM-RR'));
Insert into IS680_JANARDHANAN.PLAYER (PLAYER_ID,PLAYER_NAME,AGE,NATIONALITY,IS_FREE_AGENT,DATE_OF_BIRTH) values (12,'Cristiano Ronaldo',40,'Portugal','Y',to_date('05-02-85','DD-MM-RR'));
Insert into IS680_JANARDHANAN.PLAYER (PLAYER_ID,PLAYER_NAME,AGE,NATIONALITY,IS_FREE_AGENT,DATE_OF_BIRTH) values (13,'Harry Maguire',32,'England','N',to_date('05-03-93','DD-MM-RR'));
Insert into IS680_JANARDHANAN.PLAYER (PLAYER_ID,PLAYER_NAME,AGE,NATIONALITY,IS_FREE_AGENT,DATE_OF_BIRTH) values (14,'Bruno Fernandes',30,'Portugal','N',to_date('08-09-94','DD-MM-RR'));
Insert into IS680_JANARDHANAN.PLAYER (PLAYER_ID,PLAYER_NAME,AGE,NATIONALITY,IS_FREE_AGENT,DATE_OF_BIRTH) values (15,'Luke Shaw',29,'England','N',to_date('12-07-95','DD-MM-RR'));
Insert into IS680_JANARDHANAN.PLAYER (PLAYER_ID,PLAYER_NAME,AGE,NATIONALITY,IS_FREE_AGENT,DATE_OF_BIRTH) values (16,'Jack Grealish',29,'England','N',to_date('10-09-95','DD-MM-RR'));
Insert into IS680_JANARDHANAN.PLAYER (PLAYER_ID,PLAYER_NAME,AGE,NATIONALITY,IS_FREE_AGENT,DATE_OF_BIRTH) values (17,'Bernardo Silva',30,'Portugal','N',to_date('10-08-94','DD-MM-RR'));
Insert into IS680_JANARDHANAN.PLAYER (PLAYER_ID,PLAYER_NAME,AGE,NATIONALITY,IS_FREE_AGENT,DATE_OF_BIRTH) values (18,'Rúben Dias',27,'Portugal','N',to_date('14-05-97','DD-MM-RR'));
Insert into IS680_JANARDHANAN.PLAYER (PLAYER_ID,PLAYER_NAME,AGE,NATIONALITY,IS_FREE_AGENT,DATE_OF_BIRTH) values (19,'Reece James',25,'England','N',to_date('08-12-99','DD-MM-RR'));
Insert into IS680_JANARDHANAN.PLAYER (PLAYER_ID,PLAYER_NAME,AGE,NATIONALITY,IS_FREE_AGENT,DATE_OF_BIRTH) values (20,'Enzo Fernández',24,'Argentina','N',to_date('17-01-01','DD-MM-RR'));
Insert into IS680_JANARDHANAN.PLAYER (PLAYER_ID,PLAYER_NAME,AGE,NATIONALITY,IS_FREE_AGENT,DATE_OF_BIRTH) values (21,'Raheem Sterling',30,'England','N',to_date('08-12-94','DD-MM-RR'));
Insert into IS680_JANARDHANAN.PLAYER (PLAYER_ID,PLAYER_NAME,AGE,NATIONALITY,IS_FREE_AGENT,DATE_OF_BIRTH) values (22,'Raphaël Varane',31,'France','N',to_date('25-04-93','DD-MM-RR'));
Insert into IS680_JANARDHANAN.PLAYER (PLAYER_ID,PLAYER_NAME,AGE,NATIONALITY,IS_FREE_AGENT,DATE_OF_BIRTH) values (23,'André Onana',29,'Cameroon','N',to_date('02-04-96','DD-MM-RR'));
Insert into IS680_JANARDHANAN.PLAYER (PLAYER_ID,PLAYER_NAME,AGE,NATIONALITY,IS_FREE_AGENT,DATE_OF_BIRTH) values (24,'Rodri',28,'Spain','Y',to_date('22-06-96','DD-MM-RR'));
Insert into IS680_JANARDHANAN.PLAYER (PLAYER_ID,PLAYER_NAME,AGE,NATIONALITY,IS_FREE_AGENT,DATE_OF_BIRTH) values (25,'Ederson Moraes',31,'Brazil','Y',to_date('17-08-93','DD-MM-RR'));
Insert into IS680_JANARDHANAN.PLAYER (PLAYER_ID,PLAYER_NAME,AGE,NATIONALITY,IS_FREE_AGENT,DATE_OF_BIRTH) values (26,'John Stones',30,'England','Y',to_date('28-05-94','DD-MM-RR'));
Insert into IS680_JANARDHANAN.PLAYER (PLAYER_ID,PLAYER_NAME,AGE,NATIONALITY,IS_FREE_AGENT,DATE_OF_BIRTH) values (27,'Thiago Silva',40,'Brazil','N',to_date('22-09-84','DD-MM-RR'));
Insert into IS680_JANARDHANAN.PLAYER (PLAYER_ID,PLAYER_NAME,AGE,NATIONALITY,IS_FREE_AGENT,DATE_OF_BIRTH) values (28,'Mykhailo Mudryk',24,'Ukraine','N',to_date('05-01-01','DD-MM-RR'));
Insert into IS680_JANARDHANAN.PLAYER (PLAYER_ID,PLAYER_NAME,AGE,NATIONALITY,IS_FREE_AGENT,DATE_OF_BIRTH) values (29,'Ben Chilwell',28,'England','N',to_date('21-12-96','DD-MM-RR'));
REM INSERTING into IS680_JANARDHANAN.PLAYER_GOAL
SET DEFINE OFF;
Insert into IS680_JANARDHANAN.PLAYER_GOAL (GOAL_ID,PLAYER_ID,TEAM_ID,MATCH_ID,MINUTE_SCORED,GOAL_ORDER,IS_PENALTY,IS_OWN_GOAL,ASSIST_BY) values (1,1,1,1,10,1,'N','N',4);
Insert into IS680_JANARDHANAN.PLAYER_GOAL (GOAL_ID,PLAYER_ID,TEAM_ID,MATCH_ID,MINUTE_SCORED,GOAL_ORDER,IS_PENALTY,IS_OWN_GOAL,ASSIST_BY) values (2,1,1,1,42,2,'N','N',9);
Insert into IS680_JANARDHANAN.PLAYER_GOAL (GOAL_ID,PLAYER_ID,TEAM_ID,MATCH_ID,MINUTE_SCORED,GOAL_ORDER,IS_PENALTY,IS_OWN_GOAL,ASSIST_BY) values (3,2,2,1,89,3,'N','N',3);
Insert into IS680_JANARDHANAN.PLAYER_GOAL (GOAL_ID,PLAYER_ID,TEAM_ID,MATCH_ID,MINUTE_SCORED,GOAL_ORDER,IS_PENALTY,IS_OWN_GOAL,ASSIST_BY) values (4,4,1,2,1,1,'N','N',1);
Insert into IS680_JANARDHANAN.PLAYER_GOAL (GOAL_ID,PLAYER_ID,TEAM_ID,MATCH_ID,MINUTE_SCORED,GOAL_ORDER,IS_PENALTY,IS_OWN_GOAL,ASSIST_BY) values (5,10,1,2,15,2,'N','N',23);
Insert into IS680_JANARDHANAN.PLAYER_GOAL (GOAL_ID,PLAYER_ID,TEAM_ID,MATCH_ID,MINUTE_SCORED,GOAL_ORDER,IS_PENALTY,IS_OWN_GOAL,ASSIST_BY) values (6,12,1,2,15,3,'N','N',1);
Insert into IS680_JANARDHANAN.PLAYER_GOAL (GOAL_ID,PLAYER_ID,TEAM_ID,MATCH_ID,MINUTE_SCORED,GOAL_ORDER,IS_PENALTY,IS_OWN_GOAL,ASSIST_BY) values (7,20,3,2,18,4,'N','N',19);
Insert into IS680_JANARDHANAN.PLAYER_GOAL (GOAL_ID,PLAYER_ID,TEAM_ID,MATCH_ID,MINUTE_SCORED,GOAL_ORDER,IS_PENALTY,IS_OWN_GOAL,ASSIST_BY) values (8,16,2,3,85,1,'N','N',18);
Insert into IS680_JANARDHANAN.PLAYER_GOAL (GOAL_ID,PLAYER_ID,TEAM_ID,MATCH_ID,MINUTE_SCORED,GOAL_ORDER,IS_PENALTY,IS_OWN_GOAL,ASSIST_BY) values (9,19,3,3,90,2,'N','N',21);
Insert into IS680_JANARDHANAN.PLAYER_GOAL (GOAL_ID,PLAYER_ID,TEAM_ID,MATCH_ID,MINUTE_SCORED,GOAL_ORDER,IS_PENALTY,IS_OWN_GOAL,ASSIST_BY) values (10,18,2,4,10,1,'N','N',2);
Insert into IS680_JANARDHANAN.PLAYER_GOAL (GOAL_ID,PLAYER_ID,TEAM_ID,MATCH_ID,MINUTE_SCORED,GOAL_ORDER,IS_PENALTY,IS_OWN_GOAL,ASSIST_BY) values (11,3,2,4,12,2,'N','N',2);
Insert into IS680_JANARDHANAN.PLAYER_GOAL (GOAL_ID,PLAYER_ID,TEAM_ID,MATCH_ID,MINUTE_SCORED,GOAL_ORDER,IS_PENALTY,IS_OWN_GOAL,ASSIST_BY) values (12,1,1,4,89,3,'N','N',9);
Insert into IS680_JANARDHANAN.PLAYER_GOAL (GOAL_ID,PLAYER_ID,TEAM_ID,MATCH_ID,MINUTE_SCORED,GOAL_ORDER,IS_PENALTY,IS_OWN_GOAL,ASSIST_BY) values (13,9,1,4,90,4,'N','N',1);
Insert into IS680_JANARDHANAN.PLAYER_GOAL (GOAL_ID,PLAYER_ID,TEAM_ID,MATCH_ID,MINUTE_SCORED,GOAL_ORDER,IS_PENALTY,IS_OWN_GOAL,ASSIST_BY) values (14,29,3,5,12,1,'N','N',28);
Insert into IS680_JANARDHANAN.PLAYER_GOAL (GOAL_ID,PLAYER_ID,TEAM_ID,MATCH_ID,MINUTE_SCORED,GOAL_ORDER,IS_PENALTY,IS_OWN_GOAL,ASSIST_BY) values (15,1,1,5,13,2,'N','N',14);
Insert into IS680_JANARDHANAN.PLAYER_GOAL (GOAL_ID,PLAYER_ID,TEAM_ID,MATCH_ID,MINUTE_SCORED,GOAL_ORDER,IS_PENALTY,IS_OWN_GOAL,ASSIST_BY) values (16,20,3,6,11,1,'N','N',19);
Insert into IS680_JANARDHANAN.PLAYER_GOAL (GOAL_ID,PLAYER_ID,TEAM_ID,MATCH_ID,MINUTE_SCORED,GOAL_ORDER,IS_PENALTY,IS_OWN_GOAL,ASSIST_BY) values (17,20,3,6,90,3,'N','N',27);
Insert into IS680_JANARDHANAN.PLAYER_GOAL (GOAL_ID,PLAYER_ID,TEAM_ID,MATCH_ID,MINUTE_SCORED,GOAL_ORDER,IS_PENALTY,IS_OWN_GOAL,ASSIST_BY) values (18,16,2,6,78,2,'N','N',17);
Insert into IS680_JANARDHANAN.PLAYER_GOAL (GOAL_ID,PLAYER_ID,TEAM_ID,MATCH_ID,MINUTE_SCORED,GOAL_ORDER,IS_PENALTY,IS_OWN_GOAL,ASSIST_BY) values (19,1,1,7,1,1,'N','N',9);
Insert into IS680_JANARDHANAN.PLAYER_GOAL (GOAL_ID,PLAYER_ID,TEAM_ID,MATCH_ID,MINUTE_SCORED,GOAL_ORDER,IS_PENALTY,IS_OWN_GOAL,ASSIST_BY) values (20,15,1,7,80,4,'N','N',5);
Insert into IS680_JANARDHANAN.PLAYER_GOAL (GOAL_ID,PLAYER_ID,TEAM_ID,MATCH_ID,MINUTE_SCORED,GOAL_ORDER,IS_PENALTY,IS_OWN_GOAL,ASSIST_BY) values (21,14,1,7,87,5,'N','N',13);
Insert into IS680_JANARDHANAN.PLAYER_GOAL (GOAL_ID,PLAYER_ID,TEAM_ID,MATCH_ID,MINUTE_SCORED,GOAL_ORDER,IS_PENALTY,IS_OWN_GOAL,ASSIST_BY) values (22,12,1,7,111,7,'N','N',1);
Insert into IS680_JANARDHANAN.PLAYER_GOAL (GOAL_ID,PLAYER_ID,TEAM_ID,MATCH_ID,MINUTE_SCORED,GOAL_ORDER,IS_PENALTY,IS_OWN_GOAL,ASSIST_BY) values (23,21,3,7,78,3,'N','N',27);
Insert into IS680_JANARDHANAN.PLAYER_GOAL (GOAL_ID,PLAYER_ID,TEAM_ID,MATCH_ID,MINUTE_SCORED,GOAL_ORDER,IS_PENALTY,IS_OWN_GOAL,ASSIST_BY) values (24,28,3,7,90,6,'N','N',19);
Insert into IS680_JANARDHANAN.PLAYER_GOAL (GOAL_ID,PLAYER_ID,TEAM_ID,MATCH_ID,MINUTE_SCORED,GOAL_ORDER,IS_PENALTY,IS_OWN_GOAL,ASSIST_BY) values (25,27,3,7,67,2,'N','N',20);
Insert into IS680_JANARDHANAN.PLAYER_GOAL (GOAL_ID,PLAYER_ID,TEAM_ID,MATCH_ID,MINUTE_SCORED,GOAL_ORDER,IS_PENALTY,IS_OWN_GOAL,ASSIST_BY) values (26,19,3,7,120,8,'N','N',21);
Insert into IS680_JANARDHANAN.PLAYER_GOAL (GOAL_ID,PLAYER_ID,TEAM_ID,MATCH_ID,MINUTE_SCORED,GOAL_ORDER,IS_PENALTY,IS_OWN_GOAL,ASSIST_BY) values (27,1,1,7,null,9,'Y','N',null);
Insert into IS680_JANARDHANAN.PLAYER_GOAL (GOAL_ID,PLAYER_ID,TEAM_ID,MATCH_ID,MINUTE_SCORED,GOAL_ORDER,IS_PENALTY,IS_OWN_GOAL,ASSIST_BY) values (28,4,1,7,null,11,'Y','N',null);
Insert into IS680_JANARDHANAN.PLAYER_GOAL (GOAL_ID,PLAYER_ID,TEAM_ID,MATCH_ID,MINUTE_SCORED,GOAL_ORDER,IS_PENALTY,IS_OWN_GOAL,ASSIST_BY) values (29,5,1,7,null,12,'Y','N',null);
Insert into IS680_JANARDHANAN.PLAYER_GOAL (GOAL_ID,PLAYER_ID,TEAM_ID,MATCH_ID,MINUTE_SCORED,GOAL_ORDER,IS_PENALTY,IS_OWN_GOAL,ASSIST_BY) values (30,9,1,7,null,14,'Y','N',null);
Insert into IS680_JANARDHANAN.PLAYER_GOAL (GOAL_ID,PLAYER_ID,TEAM_ID,MATCH_ID,MINUTE_SCORED,GOAL_ORDER,IS_PENALTY,IS_OWN_GOAL,ASSIST_BY) values (31,28,3,7,null,10,'Y','N',null);
Insert into IS680_JANARDHANAN.PLAYER_GOAL (GOAL_ID,PLAYER_ID,TEAM_ID,MATCH_ID,MINUTE_SCORED,GOAL_ORDER,IS_PENALTY,IS_OWN_GOAL,ASSIST_BY) values (32,27,3,7,null,13,'Y','N',null);
Insert into IS680_JANARDHANAN.PLAYER_GOAL (GOAL_ID,PLAYER_ID,TEAM_ID,MATCH_ID,MINUTE_SCORED,GOAL_ORDER,IS_PENALTY,IS_OWN_GOAL,ASSIST_BY) values (33,21,3,7,null,15,'Y','N',null);
REM INSERTING into IS680_JANARDHANAN.PLAYER_POSITION
SET DEFINE OFF;
Insert into IS680_JANARDHANAN.PLAYER_POSITION (POSITION_ID,POSITION_NAME) values (1,'Forward');
Insert into IS680_JANARDHANAN.PLAYER_POSITION (POSITION_ID,POSITION_NAME) values (2,'Midfielder');
Insert into IS680_JANARDHANAN.PLAYER_POSITION (POSITION_ID,POSITION_NAME) values (3,'Defender');
Insert into IS680_JANARDHANAN.PLAYER_POSITION (POSITION_ID,POSITION_NAME) values (4,'Goalkeeper');
Insert into IS680_JANARDHANAN.PLAYER_POSITION (POSITION_ID,POSITION_NAME) values (5,'Winger');
Insert into IS680_JANARDHANAN.PLAYER_POSITION (POSITION_ID,POSITION_NAME) values (6,'Striker');
Insert into IS680_JANARDHANAN.PLAYER_POSITION (POSITION_ID,POSITION_NAME) values (7,'Center Back');
Insert into IS680_JANARDHANAN.PLAYER_POSITION (POSITION_ID,POSITION_NAME) values (8,'Full Back');
Insert into IS680_JANARDHANAN.PLAYER_POSITION (POSITION_ID,POSITION_NAME) values (9,'Attacking Midfielder');
Insert into IS680_JANARDHANAN.PLAYER_POSITION (POSITION_ID,POSITION_NAME) values (10,'Defensive Midfielder');
Insert into IS680_JANARDHANAN.PLAYER_POSITION (POSITION_ID,POSITION_NAME) values (11,'Wing Back');
Insert into IS680_JANARDHANAN.PLAYER_POSITION (POSITION_ID,POSITION_NAME) values (12,'Sweeper');
Insert into IS680_JANARDHANAN.PLAYER_POSITION (POSITION_ID,POSITION_NAME) values (13,'Second Striker');
REM INSERTING into IS680_JANARDHANAN.STAFF
SET DEFINE OFF;
Insert into IS680_JANARDHANAN.STAFF (STAFF_ID,ROLE_ID,STAFF_NAME,APPOINTED_DATE,CONTRACT_EXPIRY) values (1,1,'Pep Guardiola',to_date('01-06-23','DD-MM-RR'),null);
Insert into IS680_JANARDHANAN.STAFF (STAFF_ID,ROLE_ID,STAFF_NAME,APPOINTED_DATE,CONTRACT_EXPIRY) values (2,1,'Ruben Amorim',to_date('01-02-23','DD-MM-RR'),to_date('01-02-26','DD-MM-RR'));
Insert into IS680_JANARDHANAN.STAFF (STAFF_ID,ROLE_ID,STAFF_NAME,APPOINTED_DATE,CONTRACT_EXPIRY) values (3,2,'Simon Bitcoin',to_date('01-06-23','DD-MM-RR'),null);
Insert into IS680_JANARDHANAN.STAFF (STAFF_ID,ROLE_ID,STAFF_NAME,APPOINTED_DATE,CONTRACT_EXPIRY) values (4,2,'Charlie Owen',to_date('01-04-22','DD-MM-RR'),null);
REM INSERTING into IS680_JANARDHANAN.STAFF_ROLE
SET DEFINE OFF;
Insert into IS680_JANARDHANAN.STAFF_ROLE (ROLE_ID,ROLE_NAME) values (1,'Manager');
Insert into IS680_JANARDHANAN.STAFF_ROLE (ROLE_ID,ROLE_NAME) values (2,'Fitness Coach');
Insert into IS680_JANARDHANAN.STAFF_ROLE (ROLE_ID,ROLE_NAME) values (3,'Goalkeeping Coach');
Insert into IS680_JANARDHANAN.STAFF_ROLE (ROLE_ID,ROLE_NAME) values (4,'Assistant Coach');
Insert into IS680_JANARDHANAN.STAFF_ROLE (ROLE_ID,ROLE_NAME) values (5,'Team Analyst');
Insert into IS680_JANARDHANAN.STAFF_ROLE (ROLE_ID,ROLE_NAME) values (6,'Technical Director');
Insert into IS680_JANARDHANAN.STAFF_ROLE (ROLE_ID,ROLE_NAME) values (7,'Medical Officer');
Insert into IS680_JANARDHANAN.STAFF_ROLE (ROLE_ID,ROLE_NAME) values (8,'Performance Analyst');
Insert into IS680_JANARDHANAN.STAFF_ROLE (ROLE_ID,ROLE_NAME) values (9,'Rehabilitation Specialist');
Insert into IS680_JANARDHANAN.STAFF_ROLE (ROLE_ID,ROLE_NAME) values (10,'Nutritionist');
Insert into IS680_JANARDHANAN.STAFF_ROLE (ROLE_ID,ROLE_NAME) values (11,'Team Psychologist');
Insert into IS680_JANARDHANAN.STAFF_ROLE (ROLE_ID,ROLE_NAME) values (12,'Scout');
REM INSERTING into IS680_JANARDHANAN.TEAMS
SET DEFINE OFF;
Insert into IS680_JANARDHANAN.TEAMS (TEAM_ID,HOME_VENUE,TEAM_NAME,FOUNDED_YEAR,SQUAD_SIZE) values (1,1,'Manchester United',1878,22);
Insert into IS680_JANARDHANAN.TEAMS (TEAM_ID,HOME_VENUE,TEAM_NAME,FOUNDED_YEAR,SQUAD_SIZE) values (2,2,'Mancester City',1880,22);
Insert into IS680_JANARDHANAN.TEAMS (TEAM_ID,HOME_VENUE,TEAM_NAME,FOUNDED_YEAR,SQUAD_SIZE) values (3,3,'Chelsea',1905,18);
Insert into IS680_JANARDHANAN.TEAMS (TEAM_ID,HOME_VENUE,TEAM_NAME,FOUNDED_YEAR,SQUAD_SIZE) values (4,4,'Arsenal',1886,22);
Insert into IS680_JANARDHANAN.TEAMS (TEAM_ID,HOME_VENUE,TEAM_NAME,FOUNDED_YEAR,SQUAD_SIZE) values (5,5,'Liverpool',1892,27);
Insert into IS680_JANARDHANAN.TEAMS (TEAM_ID,HOME_VENUE,TEAM_NAME,FOUNDED_YEAR,SQUAD_SIZE) values (6,6,'Tottenham Hotspur',1882,28);
Insert into IS680_JANARDHANAN.TEAMS (TEAM_ID,HOME_VENUE,TEAM_NAME,FOUNDED_YEAR,SQUAD_SIZE) values (7,7,'Leicester City',1884,28);
Insert into IS680_JANARDHANAN.TEAMS (TEAM_ID,HOME_VENUE,TEAM_NAME,FOUNDED_YEAR,SQUAD_SIZE) values (8,8,'Everton',1878,29);
Insert into IS680_JANARDHANAN.TEAMS (TEAM_ID,HOME_VENUE,TEAM_NAME,FOUNDED_YEAR,SQUAD_SIZE) values (9,9,'Newcastle United',1892,18);
Insert into IS680_JANARDHANAN.TEAMS (TEAM_ID,HOME_VENUE,TEAM_NAME,FOUNDED_YEAR,SQUAD_SIZE) values (10,10,'Aston Villa',1874,17);
Insert into IS680_JANARDHANAN.TEAMS (TEAM_ID,HOME_VENUE,TEAM_NAME,FOUNDED_YEAR,SQUAD_SIZE) values (11,11,'West Ham United',1895,20);
Insert into IS680_JANARDHANAN.TEAMS (TEAM_ID,HOME_VENUE,TEAM_NAME,FOUNDED_YEAR,SQUAD_SIZE) values (12,12,'Wolverhampton Wanderers',1877,18);
REM INSERTING into IS680_JANARDHANAN.TEAM_PLAYER
SET DEFINE OFF;
Insert into IS680_JANARDHANAN.TEAM_PLAYER (TEAM_ID,PLAYER_ID,POSITION_ID,START_DATE,END_DATE,JERSEY_NUMBER) values (1,1,2,to_date('30-08-15','DD-MM-RR'),null,17);
Insert into IS680_JANARDHANAN.TEAM_PLAYER (TEAM_ID,PLAYER_ID,POSITION_ID,START_DATE,END_DATE,JERSEY_NUMBER) values (2,2,2,to_date('01-07-17','DD-MM-RR'),null,47);
Insert into IS680_JANARDHANAN.TEAM_PLAYER (TEAM_ID,PLAYER_ID,POSITION_ID,START_DATE,END_DATE,JERSEY_NUMBER) values (2,3,6,to_date('01-07-22','DD-MM-RR'),null,9);
Insert into IS680_JANARDHANAN.TEAM_PLAYER (TEAM_ID,PLAYER_ID,POSITION_ID,START_DATE,END_DATE,JERSEY_NUMBER) values (1,4,2,to_date('01-07-23','DD-MM-RR'),null,7);
Insert into IS680_JANARDHANAN.TEAM_PLAYER (TEAM_ID,PLAYER_ID,POSITION_ID,START_DATE,END_DATE,JERSEY_NUMBER) values (1,5,1,to_date('01-02-16','DD-MM-RR'),null,10);
Insert into IS680_JANARDHANAN.TEAM_PLAYER (TEAM_ID,PLAYER_ID,POSITION_ID,START_DATE,END_DATE,JERSEY_NUMBER) values (1,12,6,to_date('01-07-20','DD-MM-RR'),to_date('01-03-23','DD-MM-RR'),7);
Insert into IS680_JANARDHANAN.TEAM_PLAYER (TEAM_ID,PLAYER_ID,POSITION_ID,START_DATE,END_DATE,JERSEY_NUMBER) values (1,10,3,to_date('02-01-18','DD-MM-RR'),null,10);
Insert into IS680_JANARDHANAN.TEAM_PLAYER (TEAM_ID,PLAYER_ID,POSITION_ID,START_DATE,END_DATE,JERSEY_NUMBER) values (1,9,6,to_date('02-01-17','DD-MM-RR'),to_date('02-01-26','DD-MM-RR'),10);
Insert into IS680_JANARDHANAN.TEAM_PLAYER (TEAM_ID,PLAYER_ID,POSITION_ID,START_DATE,END_DATE,JERSEY_NUMBER) values (1,13,8,to_date('02-01-18','DD-MM-RR'),null,2);
Insert into IS680_JANARDHANAN.TEAM_PLAYER (TEAM_ID,PLAYER_ID,POSITION_ID,START_DATE,END_DATE,JERSEY_NUMBER) values (1,14,9,to_date('02-01-16','DD-MM-RR'),null,4);
Insert into IS680_JANARDHANAN.TEAM_PLAYER (TEAM_ID,PLAYER_ID,POSITION_ID,START_DATE,END_DATE,JERSEY_NUMBER) values (1,15,11,to_date('02-01-15','DD-MM-RR'),null,44);
Insert into IS680_JANARDHANAN.TEAM_PLAYER (TEAM_ID,PLAYER_ID,POSITION_ID,START_DATE,END_DATE,JERSEY_NUMBER) values (1,22,5,to_date('02-01-12','DD-MM-RR'),null,77);
Insert into IS680_JANARDHANAN.TEAM_PLAYER (TEAM_ID,PLAYER_ID,POSITION_ID,START_DATE,END_DATE,JERSEY_NUMBER) values (1,23,2,to_date('20-03-19','DD-MM-RR'),to_date('02-01-27','DD-MM-RR'),34);
Insert into IS680_JANARDHANAN.TEAM_PLAYER (TEAM_ID,PLAYER_ID,POSITION_ID,START_DATE,END_DATE,JERSEY_NUMBER) values (2,16,5,to_date('02-01-18','DD-MM-RR'),null,1);
Insert into IS680_JANARDHANAN.TEAM_PLAYER (TEAM_ID,PLAYER_ID,POSITION_ID,START_DATE,END_DATE,JERSEY_NUMBER) values (2,17,4,to_date('02-01-25','DD-MM-RR'),to_date('02-01-26','DD-MM-RR'),83);
Insert into IS680_JANARDHANAN.TEAM_PLAYER (TEAM_ID,PLAYER_ID,POSITION_ID,START_DATE,END_DATE,JERSEY_NUMBER) values (2,18,8,to_date('02-01-18','DD-MM-RR'),null,7);
Insert into IS680_JANARDHANAN.TEAM_PLAYER (TEAM_ID,PLAYER_ID,POSITION_ID,START_DATE,END_DATE,JERSEY_NUMBER) values (3,19,1,to_date('02-07-17','DD-MM-RR'),null,6);
Insert into IS680_JANARDHANAN.TEAM_PLAYER (TEAM_ID,PLAYER_ID,POSITION_ID,START_DATE,END_DATE,JERSEY_NUMBER) values (3,20,4,to_date('02-05-16','DD-MM-RR'),null,84);
Insert into IS680_JANARDHANAN.TEAM_PLAYER (TEAM_ID,PLAYER_ID,POSITION_ID,START_DATE,END_DATE,JERSEY_NUMBER) values (3,21,6,to_date('02-03-20','DD-MM-RR'),null,97);
Insert into IS680_JANARDHANAN.TEAM_PLAYER (TEAM_ID,PLAYER_ID,POSITION_ID,START_DATE,END_DATE,JERSEY_NUMBER) values (3,27,8,to_date('20-12-21','DD-MM-RR'),to_date('02-01-27','DD-MM-RR'),24);
Insert into IS680_JANARDHANAN.TEAM_PLAYER (TEAM_ID,PLAYER_ID,POSITION_ID,START_DATE,END_DATE,JERSEY_NUMBER) values (3,28,9,to_date('02-11-24','DD-MM-RR'),null,43);
Insert into IS680_JANARDHANAN.TEAM_PLAYER (TEAM_ID,PLAYER_ID,POSITION_ID,START_DATE,END_DATE,JERSEY_NUMBER) values (3,29,10,to_date('02-11-19','DD-MM-RR'),null,57);
REM INSERTING into IS680_JANARDHANAN.TEAM_STAFF
SET DEFINE OFF;
Insert into IS680_JANARDHANAN.TEAM_STAFF (STAFF_ID,TEAM_ID) values (1,1);
Insert into IS680_JANARDHANAN.TEAM_STAFF (STAFF_ID,TEAM_ID) values (2,2);
Insert into IS680_JANARDHANAN.TEAM_STAFF (STAFF_ID,TEAM_ID) values (3,1);
Insert into IS680_JANARDHANAN.TEAM_STAFF (STAFF_ID,TEAM_ID) values (4,1);
REM INSERTING into IS680_JANARDHANAN.TOURNAMENT
SET DEFINE OFF;
Insert into IS680_JANARDHANAN.TOURNAMENT (TOURNAMENT_ID,TOURNAMENT_NAME,START_DATE,END_DATE,MAX_ON_FIELD,MAX_SQUAD_SIZE,GAME_TIME,NUMBER_OF_GAMES,EXTRA_TIME) values (21,'Premier League',to_date('11-08-23','DD-MM-RR'),to_date('19-05-24','DD-MM-RR'),11,25,'90',380,30);
Insert into IS680_JANARDHANAN.TOURNAMENT (TOURNAMENT_ID,TOURNAMENT_NAME,START_DATE,END_DATE,MAX_ON_FIELD,MAX_SQUAD_SIZE,GAME_TIME,NUMBER_OF_GAMES,EXTRA_TIME) values (22,'FA Cup',to_date('04-11-23','DD-MM-RR'),to_date('25-05-24','DD-MM-RR'),11,23,'90',124,30);
Insert into IS680_JANARDHANAN.TOURNAMENT (TOURNAMENT_ID,TOURNAMENT_NAME,START_DATE,END_DATE,MAX_ON_FIELD,MAX_SQUAD_SIZE,GAME_TIME,NUMBER_OF_GAMES,EXTRA_TIME) values (23,'UEFA Champions League',to_date('19-09-23','DD-MM-RR'),to_date('01-06-24','DD-MM-RR'),11,25,'90',125,30);
Insert into IS680_JANARDHANAN.TOURNAMENT (TOURNAMENT_ID,TOURNAMENT_NAME,START_DATE,END_DATE,MAX_ON_FIELD,MAX_SQUAD_SIZE,GAME_TIME,NUMBER_OF_GAMES,EXTRA_TIME) values (24,'Carabao Cup',to_date('08-08-23','DD-MM-RR'),to_date('25-02-24','DD-MM-RR'),11,20,'90',93,20);
Insert into IS680_JANARDHANAN.TOURNAMENT (TOURNAMENT_ID,TOURNAMENT_NAME,START_DATE,END_DATE,MAX_ON_FIELD,MAX_SQUAD_SIZE,GAME_TIME,NUMBER_OF_GAMES,EXTRA_TIME) values (25,'FIFA Club World Cup',to_date('12-12-23','DD-MM-RR'),to_date('22-12-23','DD-MM-RR'),11,23,'90',7,30);
REM INSERTING into IS680_JANARDHANAN.TOURNEY_GROUP_TEAM
SET DEFINE OFF;
Insert into IS680_JANARDHANAN.TOURNEY_GROUP_TEAM (GROUP_ID,TOURNAMENT_ID,TEAM_ID,POINTS,STANDING,IS_QUALIFIED) values (1,23,1,8,1,null);
Insert into IS680_JANARDHANAN.TOURNEY_GROUP_TEAM (GROUP_ID,TOURNAMENT_ID,TEAM_ID,POINTS,STANDING,IS_QUALIFIED) values (1,23,2,2,3,null);
Insert into IS680_JANARDHANAN.TOURNEY_GROUP_TEAM (GROUP_ID,TOURNAMENT_ID,TEAM_ID,POINTS,STANDING,IS_QUALIFIED) values (1,23,3,5,2,null);
Insert into IS680_JANARDHANAN.TOURNEY_GROUP_TEAM (GROUP_ID,TOURNAMENT_ID,TEAM_ID,POINTS,STANDING,IS_QUALIFIED) values (2,23,4,null,1,null);
Insert into IS680_JANARDHANAN.TOURNEY_GROUP_TEAM (GROUP_ID,TOURNAMENT_ID,TEAM_ID,POINTS,STANDING,IS_QUALIFIED) values (2,23,5,null,1,null);
Insert into IS680_JANARDHANAN.TOURNEY_GROUP_TEAM (GROUP_ID,TOURNAMENT_ID,TEAM_ID,POINTS,STANDING,IS_QUALIFIED) values (2,23,6,null,1,null);
Insert into IS680_JANARDHANAN.TOURNEY_GROUP_TEAM (GROUP_ID,TOURNAMENT_ID,TEAM_ID,POINTS,STANDING,IS_QUALIFIED) values (9,21,7,null,1,null);
Insert into IS680_JANARDHANAN.TOURNEY_GROUP_TEAM (GROUP_ID,TOURNAMENT_ID,TEAM_ID,POINTS,STANDING,IS_QUALIFIED) values (9,21,8,null,1,null);
Insert into IS680_JANARDHANAN.TOURNEY_GROUP_TEAM (GROUP_ID,TOURNAMENT_ID,TEAM_ID,POINTS,STANDING,IS_QUALIFIED) values (9,21,9,null,1,null);
Insert into IS680_JANARDHANAN.TOURNEY_GROUP_TEAM (GROUP_ID,TOURNAMENT_ID,TEAM_ID,POINTS,STANDING,IS_QUALIFIED) values (9,21,10,null,1,null);
REM INSERTING into IS680_JANARDHANAN.VENUE
SET DEFINE OFF;
Insert into IS680_JANARDHANAN.VENUE (VENUE_ID,VENUE_NAME) values (1,'Old Trafford');
Insert into IS680_JANARDHANAN.VENUE (VENUE_ID,VENUE_NAME) values (2,'Etihad Stadium');
Insert into IS680_JANARDHANAN.VENUE (VENUE_ID,VENUE_NAME) values (3,'Stamford Bridge');
Insert into IS680_JANARDHANAN.VENUE (VENUE_ID,VENUE_NAME) values (4,'Emirates Stadium');
Insert into IS680_JANARDHANAN.VENUE (VENUE_ID,VENUE_NAME) values (5,'Anfield');
Insert into IS680_JANARDHANAN.VENUE (VENUE_ID,VENUE_NAME) values (6,'Tottenham Hotspur Stadium');
Insert into IS680_JANARDHANAN.VENUE (VENUE_ID,VENUE_NAME) values (7,'King Power Stadium');
Insert into IS680_JANARDHANAN.VENUE (VENUE_ID,VENUE_NAME) values (8,'Goodison Park');
Insert into IS680_JANARDHANAN.VENUE (VENUE_ID,VENUE_NAME) values (9,'St. James'' Park');
Insert into IS680_JANARDHANAN.VENUE (VENUE_ID,VENUE_NAME) values (10,'Villa Park');
Insert into IS680_JANARDHANAN.VENUE (VENUE_ID,VENUE_NAME) values (11,'London Stadium');
Insert into IS680_JANARDHANAN.VENUE (VENUE_ID,VENUE_NAME) values (12,'Molineux Stadium');
REM INSERTING into IS680_JANARDHANAN.PENALTY_DECIDED_MATCHES
SET DEFINE OFF;
Insert into IS680_JANARDHANAN.PENALTY_DECIDED_MATCHES (MATCH_ID,HOME_TEAM,AWAY_TEAM,MATCH_DATE,HOME_PENALTY,AWAY_PENALTY,WINNER) values (7,'Manchester United','Chelsea',to_date('30-07-23','DD-MM-RR'),4,3,'Manchester United');
REM INSERTING into IS680_JANARDHANAN.TEAM_PERFORMANCE_REPORT
SET DEFINE OFF;
Insert into IS680_JANARDHANAN.TEAM_PERFORMANCE_REPORT (TOURNAMENT_NAME,TEAM_NAME,MATCHES_PLAYED,WINS,LOSSES,DRAWS,CANCELLED_MATCHES,POINTS,GOALS_SCORED,GOALS_CONCEDED,STANDING) values ('UEFA Champions League','Manchester United',5,3,0,2,0,11,12,9,1);
Insert into IS680_JANARDHANAN.TEAM_PERFORMANCE_REPORT (TOURNAMENT_NAME,TEAM_NAME,MATCHES_PLAYED,WINS,LOSSES,DRAWS,CANCELLED_MATCHES,POINTS,GOALS_SCORED,GOALS_CONCEDED,STANDING) values ('UEFA Champions League','Chelsea',5,1,2,2,0,5,9,10,2);
Insert into IS680_JANARDHANAN.TEAM_PERFORMANCE_REPORT (TOURNAMENT_NAME,TEAM_NAME,MATCHES_PLAYED,WINS,LOSSES,DRAWS,CANCELLED_MATCHES,POINTS,GOALS_SCORED,GOALS_CONCEDED,STANDING) values ('UEFA Champions League','Mancester City',4,0,2,2,0,2,5,7,3);
REM INSERTING into IS680_JANARDHANAN.TOP_10_SCORERS
SET DEFINE OFF;
Insert into IS680_JANARDHANAN.TOP_10_SCORERS (PLAYER_NAME,TEAM_NAME,PENALTY_GOALS,OWN_GOALS,TOTAL_GOALS) values ('Goutam Kalyankumar','Manchester United',1,0,6);
Insert into IS680_JANARDHANAN.TOP_10_SCORERS (PLAYER_NAME,TEAM_NAME,PENALTY_GOALS,OWN_GOALS,TOTAL_GOALS) values ('Enzo Fernández','Chelsea',0,0,3);
Insert into IS680_JANARDHANAN.TOP_10_SCORERS (PLAYER_NAME,TEAM_NAME,PENALTY_GOALS,OWN_GOALS,TOTAL_GOALS) values ('Jack Grealish','Mancester City',0,0,2);
Insert into IS680_JANARDHANAN.TOP_10_SCORERS (PLAYER_NAME,TEAM_NAME,PENALTY_GOALS,OWN_GOALS,TOTAL_GOALS) values ('Yash Naik','Manchester United',1,0,2);
Insert into IS680_JANARDHANAN.TOP_10_SCORERS (PLAYER_NAME,TEAM_NAME,PENALTY_GOALS,OWN_GOALS,TOTAL_GOALS) values ('Thiago Silva','Chelsea',1,0,2);
Insert into IS680_JANARDHANAN.TOP_10_SCORERS (PLAYER_NAME,TEAM_NAME,PENALTY_GOALS,OWN_GOALS,TOTAL_GOALS) values ('Mason Mount','Manchester United',1,0,2);
Insert into IS680_JANARDHANAN.TOP_10_SCORERS (PLAYER_NAME,TEAM_NAME,PENALTY_GOALS,OWN_GOALS,TOTAL_GOALS) values ('Reece James','Chelsea',0,0,2);
Insert into IS680_JANARDHANAN.TOP_10_SCORERS (PLAYER_NAME,TEAM_NAME,PENALTY_GOALS,OWN_GOALS,TOTAL_GOALS) values ('Mykhailo Mudryk','Chelsea',1,0,2);
Insert into IS680_JANARDHANAN.TOP_10_SCORERS (PLAYER_NAME,TEAM_NAME,PENALTY_GOALS,OWN_GOALS,TOTAL_GOALS) values ('Raheem Sterling','Chelsea',1,0,2);
Insert into IS680_JANARDHANAN.TOP_10_SCORERS (PLAYER_NAME,TEAM_NAME,PENALTY_GOALS,OWN_GOALS,TOTAL_GOALS) values ('Cristiano Ronaldo','Manchester United',0,0,2);
REM INSERTING into IS680_JANARDHANAN.TOURNAMENT_SUMMARY_REPORT
SET DEFINE OFF;
Insert into IS680_JANARDHANAN.TOURNAMENT_SUMMARY_REPORT (TOURNAMENT_ID,TOURNAMENT_NAME,START_DATE,END_DATE,NUM_TEAMS,NUM_MATCHES,TOTAL_GOALS) values (24,'Carabao Cup',to_date('08-08-23','DD-MM-RR'),to_date('25-02-24','DD-MM-RR'),0,0,0);
Insert into IS680_JANARDHANAN.TOURNAMENT_SUMMARY_REPORT (TOURNAMENT_ID,TOURNAMENT_NAME,START_DATE,END_DATE,NUM_TEAMS,NUM_MATCHES,TOTAL_GOALS) values (21,'Premier League',to_date('11-08-23','DD-MM-RR'),to_date('19-05-24','DD-MM-RR'),4,0,0);
Insert into IS680_JANARDHANAN.TOURNAMENT_SUMMARY_REPORT (TOURNAMENT_ID,TOURNAMENT_NAME,START_DATE,END_DATE,NUM_TEAMS,NUM_MATCHES,TOTAL_GOALS) values (23,'UEFA Champions League',to_date('19-09-23','DD-MM-RR'),to_date('01-06-24','DD-MM-RR'),6,7,33);
Insert into IS680_JANARDHANAN.TOURNAMENT_SUMMARY_REPORT (TOURNAMENT_ID,TOURNAMENT_NAME,START_DATE,END_DATE,NUM_TEAMS,NUM_MATCHES,TOTAL_GOALS) values (22,'FA Cup',to_date('04-11-23','DD-MM-RR'),to_date('25-05-24','DD-MM-RR'),0,0,0);
Insert into IS680_JANARDHANAN.TOURNAMENT_SUMMARY_REPORT (TOURNAMENT_ID,TOURNAMENT_NAME,START_DATE,END_DATE,NUM_TEAMS,NUM_MATCHES,TOTAL_GOALS) values (25,'FIFA Club World Cup',to_date('12-12-23','DD-MM-RR'),to_date('22-12-23','DD-MM-RR'),0,0,0);
--------------------------------------------------------
--  DDL for Index PK_OFFICIAL_MATCH
--------------------------------------------------------

  CREATE UNIQUE INDEX "IS680_JANARDHANAN"."PK_OFFICIAL_MATCH" ON "IS680_JANARDHANAN"."OFFICIAL_MATCH_TOURNEY" ("MATCH_ID", "OFFICIAL_ID") 
  PCTFREE 10 INITRANS 2 MAXTRANS 255 COMPUTE STATISTICS 
  STORAGE(INITIAL 65536 NEXT 1048576 MINEXTENTS 1 MAXEXTENTS 2147483645
  PCTINCREASE 0 FREELISTS 1 FREELIST GROUPS 1
  BUFFER_POOL DEFAULT FLASH_CACHE DEFAULT CELL_FLASH_CACHE DEFAULT)
  TABLESPACE "USERS" ;
--------------------------------------------------------
--  DDL for Index SYS_C0015493
--------------------------------------------------------

  CREATE UNIQUE INDEX "IS680_JANARDHANAN"."SYS_C0015493" ON "IS680_JANARDHANAN"."CUSTOMERS" ("CUSTOMERNUMBER") 
  PCTFREE 10 INITRANS 2 MAXTRANS 255 COMPUTE STATISTICS 
  STORAGE(INITIAL 65536 NEXT 1048576 MINEXTENTS 1 MAXEXTENTS 2147483645
  PCTINCREASE 0 FREELISTS 1 FREELIST GROUPS 1
  BUFFER_POOL DEFAULT FLASH_CACHE DEFAULT CELL_FLASH_CACHE DEFAULT)
  TABLESPACE "USERS" ;
--------------------------------------------------------
--  DDL for Index SYS_C0015501
--------------------------------------------------------

  CREATE UNIQUE INDEX "IS680_JANARDHANAN"."SYS_C0015501" ON "IS680_JANARDHANAN"."EMPLOYEES" ("EMPLOYEENUMBER") 
  PCTFREE 10 INITRANS 2 MAXTRANS 255 COMPUTE STATISTICS 
  STORAGE(INITIAL 65536 NEXT 1048576 MINEXTENTS 1 MAXEXTENTS 2147483645
  PCTINCREASE 0 FREELISTS 1 FREELIST GROUPS 1
  BUFFER_POOL DEFAULT FLASH_CACHE DEFAULT CELL_FLASH_CACHE DEFAULT)
  TABLESPACE "USERS" ;
--------------------------------------------------------
--  DDL for Index SYS_C0015510
--------------------------------------------------------

  CREATE UNIQUE INDEX "IS680_JANARDHANAN"."SYS_C0015510" ON "IS680_JANARDHANAN"."OFFICES" ("OFFICECODE") 
  PCTFREE 10 INITRANS 2 MAXTRANS 255 COMPUTE STATISTICS 
  STORAGE(INITIAL 65536 NEXT 1048576 MINEXTENTS 1 MAXEXTENTS 2147483645
  PCTINCREASE 0 FREELISTS 1 FREELIST GROUPS 1
  BUFFER_POOL DEFAULT FLASH_CACHE DEFAULT CELL_FLASH_CACHE DEFAULT)
  TABLESPACE "USERS" ;
--------------------------------------------------------
--  DDL for Index SYS_C0015522
--------------------------------------------------------

  CREATE UNIQUE INDEX "IS680_JANARDHANAN"."SYS_C0015522" ON "IS680_JANARDHANAN"."ORDERS" ("ORDERNUMBER") 
  PCTFREE 10 INITRANS 2 MAXTRANS 255 COMPUTE STATISTICS 
  STORAGE(INITIAL 65536 NEXT 1048576 MINEXTENTS 1 MAXEXTENTS 2147483645
  PCTINCREASE 0 FREELISTS 1 FREELIST GROUPS 1
  BUFFER_POOL DEFAULT FLASH_CACHE DEFAULT CELL_FLASH_CACHE DEFAULT)
  TABLESPACE "USERS" ;
--------------------------------------------------------
--  DDL for Index SYS_C0015531
--------------------------------------------------------

  CREATE UNIQUE INDEX "IS680_JANARDHANAN"."SYS_C0015531" ON "IS680_JANARDHANAN"."PRODUCTLINES" ("PRODUCTLINE") 
  PCTFREE 10 INITRANS 2 MAXTRANS 255 COMPUTE STATISTICS 
  STORAGE(INITIAL 65536 NEXT 1048576 MINEXTENTS 1 MAXEXTENTS 2147483645
  PCTINCREASE 0 FREELISTS 1 FREELIST GROUPS 1
  BUFFER_POOL DEFAULT FLASH_CACHE DEFAULT CELL_FLASH_CACHE DEFAULT)
  TABLESPACE "USERS" ;
--------------------------------------------------------
--  DDL for Index SYS_C0015541
--------------------------------------------------------

  CREATE UNIQUE INDEX "IS680_JANARDHANAN"."SYS_C0015541" ON "IS680_JANARDHANAN"."PRODUCTS" ("PRODUCTCODE") 
  PCTFREE 10 INITRANS 2 MAXTRANS 255 COMPUTE STATISTICS 
  STORAGE(INITIAL 65536 NEXT 1048576 MINEXTENTS 1 MAXEXTENTS 2147483645
  PCTINCREASE 0 FREELISTS 1 FREELIST GROUPS 1
  BUFFER_POOL DEFAULT FLASH_CACHE DEFAULT CELL_FLASH_CACHE DEFAULT)
  TABLESPACE "USERS" ;
--------------------------------------------------------
--  DDL for Index SYS_C0017203
--------------------------------------------------------

  CREATE UNIQUE INDEX "IS680_JANARDHANAN"."SYS_C0017203" ON "IS680_JANARDHANAN"."STAFF_ROLE" ("ROLE_ID") 
  PCTFREE 10 INITRANS 2 MAXTRANS 255 COMPUTE STATISTICS 
  STORAGE(INITIAL 65536 NEXT 1048576 MINEXTENTS 1 MAXEXTENTS 2147483645
  PCTINCREASE 0 FREELISTS 1 FREELIST GROUPS 1
  BUFFER_POOL DEFAULT FLASH_CACHE DEFAULT CELL_FLASH_CACHE DEFAULT)
  TABLESPACE "USERS" ;
--------------------------------------------------------
--  DDL for Index SYS_C0017205
--------------------------------------------------------

  CREATE UNIQUE INDEX "IS680_JANARDHANAN"."SYS_C0017205" ON "IS680_JANARDHANAN"."MATCH_STATUS" ("STATUS_ID") 
  PCTFREE 10 INITRANS 2 MAXTRANS 255 COMPUTE STATISTICS 
  STORAGE(INITIAL 65536 NEXT 1048576 MINEXTENTS 1 MAXEXTENTS 2147483645
  PCTINCREASE 0 FREELISTS 1 FREELIST GROUPS 1
  BUFFER_POOL DEFAULT FLASH_CACHE DEFAULT CELL_FLASH_CACHE DEFAULT)
  TABLESPACE "USERS" ;
--------------------------------------------------------
--  DDL for Index SYS_C0017208
--------------------------------------------------------

  CREATE UNIQUE INDEX "IS680_JANARDHANAN"."SYS_C0017208" ON "IS680_JANARDHANAN"."STAFF" ("STAFF_ID") 
  PCTFREE 10 INITRANS 2 MAXTRANS 255 COMPUTE STATISTICS 
  STORAGE(INITIAL 65536 NEXT 1048576 MINEXTENTS 1 MAXEXTENTS 2147483645
  PCTINCREASE 0 FREELISTS 1 FREELIST GROUPS 1
  BUFFER_POOL DEFAULT FLASH_CACHE DEFAULT CELL_FLASH_CACHE DEFAULT)
  TABLESPACE "USERS" ;
--------------------------------------------------------
--  DDL for Index SYS_C0017211
--------------------------------------------------------

  CREATE UNIQUE INDEX "IS680_JANARDHANAN"."SYS_C0017211" ON "IS680_JANARDHANAN"."VENUE" ("VENUE_ID") 
  PCTFREE 10 INITRANS 2 MAXTRANS 255 COMPUTE STATISTICS 
  STORAGE(INITIAL 65536 NEXT 1048576 MINEXTENTS 1 MAXEXTENTS 2147483645
  PCTINCREASE 0 FREELISTS 1 FREELIST GROUPS 1
  BUFFER_POOL DEFAULT FLASH_CACHE DEFAULT CELL_FLASH_CACHE DEFAULT)
  TABLESPACE "USERS" ;
--------------------------------------------------------
--  DDL for Index SYS_C0017214
--------------------------------------------------------

  CREATE UNIQUE INDEX "IS680_JANARDHANAN"."SYS_C0017214" ON "IS680_JANARDHANAN"."TEAMS" ("TEAM_ID") 
  PCTFREE 10 INITRANS 2 MAXTRANS 255 COMPUTE STATISTICS 
  STORAGE(INITIAL 65536 NEXT 1048576 MINEXTENTS 1 MAXEXTENTS 2147483645
  PCTINCREASE 0 FREELISTS 1 FREELIST GROUPS 1
  BUFFER_POOL DEFAULT FLASH_CACHE DEFAULT CELL_FLASH_CACHE DEFAULT)
  TABLESPACE "USERS" ;
--------------------------------------------------------
--  DDL for Index SYS_C0017218
--------------------------------------------------------

  CREATE UNIQUE INDEX "IS680_JANARDHANAN"."SYS_C0017218" ON "IS680_JANARDHANAN"."TEAM_STAFF" ("STAFF_ID", "TEAM_ID") 
  PCTFREE 10 INITRANS 2 MAXTRANS 255 COMPUTE STATISTICS 
  STORAGE(INITIAL 65536 NEXT 1048576 MINEXTENTS 1 MAXEXTENTS 2147483645
  PCTINCREASE 0 FREELISTS 1 FREELIST GROUPS 1
  BUFFER_POOL DEFAULT FLASH_CACHE DEFAULT CELL_FLASH_CACHE DEFAULT)
  TABLESPACE "USERS" ;
--------------------------------------------------------
--  DDL for Index SYS_C0017222
--------------------------------------------------------

  CREATE UNIQUE INDEX "IS680_JANARDHANAN"."SYS_C0017222" ON "IS680_JANARDHANAN"."TOURNAMENT" ("TOURNAMENT_ID") 
  PCTFREE 10 INITRANS 2 MAXTRANS 255 COMPUTE STATISTICS 
  STORAGE(INITIAL 65536 NEXT 1048576 MINEXTENTS 1 MAXEXTENTS 2147483645
  PCTINCREASE 0 FREELISTS 1 FREELIST GROUPS 1
  BUFFER_POOL DEFAULT FLASH_CACHE DEFAULT CELL_FLASH_CACHE DEFAULT)
  TABLESPACE "USERS" ;
--------------------------------------------------------
--  DDL for Index SYS_C0017225
--------------------------------------------------------

  CREATE UNIQUE INDEX "IS680_JANARDHANAN"."SYS_C0017225" ON "IS680_JANARDHANAN"."GROUPS" ("GROUP_ID", "TOURNAMENT_ID") 
  PCTFREE 10 INITRANS 2 MAXTRANS 255 COMPUTE STATISTICS 
  STORAGE(INITIAL 65536 NEXT 1048576 MINEXTENTS 1 MAXEXTENTS 2147483645
  PCTINCREASE 0 FREELISTS 1 FREELIST GROUPS 1
  BUFFER_POOL DEFAULT FLASH_CACHE DEFAULT CELL_FLASH_CACHE DEFAULT)
  TABLESPACE "USERS" ;
--------------------------------------------------------
--  DDL for Index SYS_C0017231
--------------------------------------------------------

  CREATE UNIQUE INDEX "IS680_JANARDHANAN"."SYS_C0017231" ON "IS680_JANARDHANAN"."TOURNEY_GROUP_TEAM" ("TEAM_ID", "GROUP_ID", "TOURNAMENT_ID") 
  PCTFREE 10 INITRANS 2 MAXTRANS 255 COMPUTE STATISTICS 
  STORAGE(INITIAL 65536 NEXT 1048576 MINEXTENTS 1 MAXEXTENTS 2147483645
  PCTINCREASE 0 FREELISTS 1 FREELIST GROUPS 1
  BUFFER_POOL DEFAULT FLASH_CACHE DEFAULT CELL_FLASH_CACHE DEFAULT)
  TABLESPACE "USERS" ;
--------------------------------------------------------
--  DDL for Index SYS_C0017243
--------------------------------------------------------

  CREATE UNIQUE INDEX "IS680_JANARDHANAN"."SYS_C0017243" ON "IS680_JANARDHANAN"."PLAYER" ("PLAYER_ID") 
  PCTFREE 10 INITRANS 2 MAXTRANS 255 COMPUTE STATISTICS 
  STORAGE(INITIAL 65536 NEXT 1048576 MINEXTENTS 1 MAXEXTENTS 2147483645
  PCTINCREASE 0 FREELISTS 1 FREELIST GROUPS 1
  BUFFER_POOL DEFAULT FLASH_CACHE DEFAULT CELL_FLASH_CACHE DEFAULT)
  TABLESPACE "USERS" ;
--------------------------------------------------------
--  DDL for Index SYS_C0017245
--------------------------------------------------------

  CREATE UNIQUE INDEX "IS680_JANARDHANAN"."SYS_C0017245" ON "IS680_JANARDHANAN"."PLAYER_POSITION" ("POSITION_ID") 
  PCTFREE 10 INITRANS 2 MAXTRANS 255 COMPUTE STATISTICS 
  STORAGE(INITIAL 65536 NEXT 1048576 MINEXTENTS 1 MAXEXTENTS 2147483645
  PCTINCREASE 0 FREELISTS 1 FREELIST GROUPS 1
  BUFFER_POOL DEFAULT FLASH_CACHE DEFAULT CELL_FLASH_CACHE DEFAULT)
  TABLESPACE "USERS" ;
--------------------------------------------------------
--  DDL for Index SYS_C0017250
--------------------------------------------------------

  CREATE UNIQUE INDEX "IS680_JANARDHANAN"."SYS_C0017250" ON "IS680_JANARDHANAN"."TEAM_PLAYER" ("TEAM_ID", "PLAYER_ID") 
  PCTFREE 10 INITRANS 2 MAXTRANS 255 COMPUTE STATISTICS 
  STORAGE(INITIAL 65536 NEXT 1048576 MINEXTENTS 1 MAXEXTENTS 2147483645
  PCTINCREASE 0 FREELISTS 1 FREELIST GROUPS 1
  BUFFER_POOL DEFAULT FLASH_CACHE DEFAULT CELL_FLASH_CACHE DEFAULT)
  TABLESPACE "USERS" ;
--------------------------------------------------------
--  DDL for Index SYS_C0017260
--------------------------------------------------------

  CREATE UNIQUE INDEX "IS680_JANARDHANAN"."SYS_C0017260" ON "IS680_JANARDHANAN"."MATCHES" ("MATCH_ID") 
  PCTFREE 10 INITRANS 2 MAXTRANS 255 COMPUTE STATISTICS 
  STORAGE(INITIAL 65536 NEXT 1048576 MINEXTENTS 1 MAXEXTENTS 2147483645
  PCTINCREASE 0 FREELISTS 1 FREELIST GROUPS 1
  BUFFER_POOL DEFAULT FLASH_CACHE DEFAULT CELL_FLASH_CACHE DEFAULT)
  TABLESPACE "USERS" ;
--------------------------------------------------------
--  DDL for Index SYS_C0017273
--------------------------------------------------------

  CREATE UNIQUE INDEX "IS680_JANARDHANAN"."SYS_C0017273" ON "IS680_JANARDHANAN"."PLAYER_GOAL" ("GOAL_ID") 
  PCTFREE 10 INITRANS 2 MAXTRANS 255 COMPUTE STATISTICS 
  STORAGE(INITIAL 65536 NEXT 1048576 MINEXTENTS 1 MAXEXTENTS 2147483645
  PCTINCREASE 0 FREELISTS 1 FREELIST GROUPS 1
  BUFFER_POOL DEFAULT FLASH_CACHE DEFAULT CELL_FLASH_CACHE DEFAULT)
  TABLESPACE "USERS" ;
--------------------------------------------------------
--  DDL for Index SYS_C0017284
--------------------------------------------------------

  CREATE UNIQUE INDEX "IS680_JANARDHANAN"."SYS_C0017284" ON "IS680_JANARDHANAN"."OFFICIALS" ("OFFICIAL_ID") 
  PCTFREE 10 INITRANS 2 MAXTRANS 255 COMPUTE STATISTICS 
  STORAGE(INITIAL 65536 NEXT 1048576 MINEXTENTS 1 MAXEXTENTS 2147483645
  PCTINCREASE 0 FREELISTS 1 FREELIST GROUPS 1
  BUFFER_POOL DEFAULT FLASH_CACHE DEFAULT CELL_FLASH_CACHE DEFAULT)
  TABLESPACE "USERS" ;
--------------------------------------------------------
--  DDL for Index SYS_IL0000027509C00003$$
--------------------------------------------------------

  CREATE UNIQUE INDEX "IS680_JANARDHANAN"."SYS_IL0000027509C00003$$" ON "IS680_JANARDHANAN"."PRODUCTLINES" (
  PCTFREE 10 INITRANS 2 MAXTRANS 255 
  STORAGE(INITIAL 65536 NEXT 1048576 MINEXTENTS 1 MAXEXTENTS 2147483645
  PCTINCREASE 0 FREELISTS 1 FREELIST GROUPS 1
  BUFFER_POOL DEFAULT FLASH_CACHE DEFAULT CELL_FLASH_CACHE DEFAULT)
  TABLESPACE "USERS" 
  PARALLEL (DEGREE 0 INSTANCES 0) ;
--------------------------------------------------------
--  DDL for Index SYS_IL0000027509C00004$$
--------------------------------------------------------

  CREATE UNIQUE INDEX "IS680_JANARDHANAN"."SYS_IL0000027509C00004$$" ON "IS680_JANARDHANAN"."PRODUCTLINES" (
  PCTFREE 10 INITRANS 2 MAXTRANS 255 
  STORAGE(INITIAL 65536 NEXT 1048576 MINEXTENTS 1 MAXEXTENTS 2147483645
  PCTINCREASE 0 FREELISTS 1 FREELIST GROUPS 1
  BUFFER_POOL DEFAULT FLASH_CACHE DEFAULT CELL_FLASH_CACHE DEFAULT)
  TABLESPACE "USERS" 
  PARALLEL (DEGREE 0 INSTANCES 0) ;
--------------------------------------------------------
--  DDL for Index SYS_IL0000027515C00006$$
--------------------------------------------------------

  CREATE UNIQUE INDEX "IS680_JANARDHANAN"."SYS_IL0000027515C00006$$" ON "IS680_JANARDHANAN"."PRODUCTS" (
  PCTFREE 10 INITRANS 2 MAXTRANS 255 
  STORAGE(INITIAL 65536 NEXT 1048576 MINEXTENTS 1 MAXEXTENTS 2147483645
  PCTINCREASE 0 FREELISTS 1 FREELIST GROUPS 1
  BUFFER_POOL DEFAULT FLASH_CACHE DEFAULT CELL_FLASH_CACHE DEFAULT)
  TABLESPACE "USERS" 
  PARALLEL (DEGREE 0 INSTANCES 0) ;
--------------------------------------------------------
--  DDL for Index UNIQUE_GOAL
--------------------------------------------------------

  CREATE UNIQUE INDEX "IS680_JANARDHANAN"."UNIQUE_GOAL" ON "IS680_JANARDHANAN"."PLAYER_GOAL" ("PLAYER_ID", "MATCH_ID", "MINUTE_SCORED", "GOAL_ORDER") 
  PCTFREE 10 INITRANS 2 MAXTRANS 255 COMPUTE STATISTICS 
  STORAGE(INITIAL 65536 NEXT 1048576 MINEXTENTS 1 MAXEXTENTS 2147483645
  PCTINCREASE 0 FREELISTS 1 FREELIST GROUPS 1
  BUFFER_POOL DEFAULT FLASH_CACHE DEFAULT CELL_FLASH_CACHE DEFAULT)
  TABLESPACE "USERS" ;
--------------------------------------------------------
--  DDL for Index SYS_C0017225
--------------------------------------------------------

  CREATE UNIQUE INDEX "IS680_JANARDHANAN"."SYS_C0017225" ON "IS680_JANARDHANAN"."GROUPS" ("GROUP_ID", "TOURNAMENT_ID") 
  PCTFREE 10 INITRANS 2 MAXTRANS 255 COMPUTE STATISTICS 
  STORAGE(INITIAL 65536 NEXT 1048576 MINEXTENTS 1 MAXEXTENTS 2147483645
  PCTINCREASE 0 FREELISTS 1 FREELIST GROUPS 1
  BUFFER_POOL DEFAULT FLASH_CACHE DEFAULT CELL_FLASH_CACHE DEFAULT)
  TABLESPACE "USERS" ;
--------------------------------------------------------
--  DDL for Index SYS_C0017260
--------------------------------------------------------

  CREATE UNIQUE INDEX "IS680_JANARDHANAN"."SYS_C0017260" ON "IS680_JANARDHANAN"."MATCHES" ("MATCH_ID") 
  PCTFREE 10 INITRANS 2 MAXTRANS 255 COMPUTE STATISTICS 
  STORAGE(INITIAL 65536 NEXT 1048576 MINEXTENTS 1 MAXEXTENTS 2147483645
  PCTINCREASE 0 FREELISTS 1 FREELIST GROUPS 1
  BUFFER_POOL DEFAULT FLASH_CACHE DEFAULT CELL_FLASH_CACHE DEFAULT)
  TABLESPACE "USERS" ;
--------------------------------------------------------
--  DDL for Index SYS_C0017205
--------------------------------------------------------

  CREATE UNIQUE INDEX "IS680_JANARDHANAN"."SYS_C0017205" ON "IS680_JANARDHANAN"."MATCH_STATUS" ("STATUS_ID") 
  PCTFREE 10 INITRANS 2 MAXTRANS 255 COMPUTE STATISTICS 
  STORAGE(INITIAL 65536 NEXT 1048576 MINEXTENTS 1 MAXEXTENTS 2147483645
  PCTINCREASE 0 FREELISTS 1 FREELIST GROUPS 1
  BUFFER_POOL DEFAULT FLASH_CACHE DEFAULT CELL_FLASH_CACHE DEFAULT)
  TABLESPACE "USERS" ;
--------------------------------------------------------
--  DDL for Index SYS_C0017284
--------------------------------------------------------

  CREATE UNIQUE INDEX "IS680_JANARDHANAN"."SYS_C0017284" ON "IS680_JANARDHANAN"."OFFICIALS" ("OFFICIAL_ID") 
  PCTFREE 10 INITRANS 2 MAXTRANS 255 COMPUTE STATISTICS 
  STORAGE(INITIAL 65536 NEXT 1048576 MINEXTENTS 1 MAXEXTENTS 2147483645
  PCTINCREASE 0 FREELISTS 1 FREELIST GROUPS 1
  BUFFER_POOL DEFAULT FLASH_CACHE DEFAULT CELL_FLASH_CACHE DEFAULT)
  TABLESPACE "USERS" ;
--------------------------------------------------------
--  DDL for Index PK_OFFICIAL_MATCH
--------------------------------------------------------

  CREATE UNIQUE INDEX "IS680_JANARDHANAN"."PK_OFFICIAL_MATCH" ON "IS680_JANARDHANAN"."OFFICIAL_MATCH_TOURNEY" ("MATCH_ID", "OFFICIAL_ID") 
  PCTFREE 10 INITRANS 2 MAXTRANS 255 COMPUTE STATISTICS 
  STORAGE(INITIAL 65536 NEXT 1048576 MINEXTENTS 1 MAXEXTENTS 2147483645
  PCTINCREASE 0 FREELISTS 1 FREELIST GROUPS 1
  BUFFER_POOL DEFAULT FLASH_CACHE DEFAULT CELL_FLASH_CACHE DEFAULT)
  TABLESPACE "USERS" ;
--------------------------------------------------------
--  DDL for Index SYS_C0017243
--------------------------------------------------------

  CREATE UNIQUE INDEX "IS680_JANARDHANAN"."SYS_C0017243" ON "IS680_JANARDHANAN"."PLAYER" ("PLAYER_ID") 
  PCTFREE 10 INITRANS 2 MAXTRANS 255 COMPUTE STATISTICS 
  STORAGE(INITIAL 65536 NEXT 1048576 MINEXTENTS 1 MAXEXTENTS 2147483645
  PCTINCREASE 0 FREELISTS 1 FREELIST GROUPS 1
  BUFFER_POOL DEFAULT FLASH_CACHE DEFAULT CELL_FLASH_CACHE DEFAULT)
  TABLESPACE "USERS" ;
--------------------------------------------------------
--  DDL for Index SYS_C0017273
--------------------------------------------------------

  CREATE UNIQUE INDEX "IS680_JANARDHANAN"."SYS_C0017273" ON "IS680_JANARDHANAN"."PLAYER_GOAL" ("GOAL_ID") 
  PCTFREE 10 INITRANS 2 MAXTRANS 255 COMPUTE STATISTICS 
  STORAGE(INITIAL 65536 NEXT 1048576 MINEXTENTS 1 MAXEXTENTS 2147483645
  PCTINCREASE 0 FREELISTS 1 FREELIST GROUPS 1
  BUFFER_POOL DEFAULT FLASH_CACHE DEFAULT CELL_FLASH_CACHE DEFAULT)
  TABLESPACE "USERS" ;
--------------------------------------------------------
--  DDL for Index UNIQUE_GOAL
--------------------------------------------------------

  CREATE UNIQUE INDEX "IS680_JANARDHANAN"."UNIQUE_GOAL" ON "IS680_JANARDHANAN"."PLAYER_GOAL" ("PLAYER_ID", "MATCH_ID", "MINUTE_SCORED", "GOAL_ORDER") 
  PCTFREE 10 INITRANS 2 MAXTRANS 255 COMPUTE STATISTICS 
  STORAGE(INITIAL 65536 NEXT 1048576 MINEXTENTS 1 MAXEXTENTS 2147483645
  PCTINCREASE 0 FREELISTS 1 FREELIST GROUPS 1
  BUFFER_POOL DEFAULT FLASH_CACHE DEFAULT CELL_FLASH_CACHE DEFAULT)
  TABLESPACE "USERS" ;
--------------------------------------------------------
--  DDL for Index SYS_C0017245
--------------------------------------------------------

  CREATE UNIQUE INDEX "IS680_JANARDHANAN"."SYS_C0017245" ON "IS680_JANARDHANAN"."PLAYER_POSITION" ("POSITION_ID") 
  PCTFREE 10 INITRANS 2 MAXTRANS 255 COMPUTE STATISTICS 
  STORAGE(INITIAL 65536 NEXT 1048576 MINEXTENTS 1 MAXEXTENTS 2147483645
  PCTINCREASE 0 FREELISTS 1 FREELIST GROUPS 1
  BUFFER_POOL DEFAULT FLASH_CACHE DEFAULT CELL_FLASH_CACHE DEFAULT)
  TABLESPACE "USERS" ;
--------------------------------------------------------
--  DDL for Index SYS_C0017208
--------------------------------------------------------

  CREATE UNIQUE INDEX "IS680_JANARDHANAN"."SYS_C0017208" ON "IS680_JANARDHANAN"."STAFF" ("STAFF_ID") 
  PCTFREE 10 INITRANS 2 MAXTRANS 255 COMPUTE STATISTICS 
  STORAGE(INITIAL 65536 NEXT 1048576 MINEXTENTS 1 MAXEXTENTS 2147483645
  PCTINCREASE 0 FREELISTS 1 FREELIST GROUPS 1
  BUFFER_POOL DEFAULT FLASH_CACHE DEFAULT CELL_FLASH_CACHE DEFAULT)
  TABLESPACE "USERS" ;
--------------------------------------------------------
--  DDL for Index SYS_C0017203
--------------------------------------------------------

  CREATE UNIQUE INDEX "IS680_JANARDHANAN"."SYS_C0017203" ON "IS680_JANARDHANAN"."STAFF_ROLE" ("ROLE_ID") 
  PCTFREE 10 INITRANS 2 MAXTRANS 255 COMPUTE STATISTICS 
  STORAGE(INITIAL 65536 NEXT 1048576 MINEXTENTS 1 MAXEXTENTS 2147483645
  PCTINCREASE 0 FREELISTS 1 FREELIST GROUPS 1
  BUFFER_POOL DEFAULT FLASH_CACHE DEFAULT CELL_FLASH_CACHE DEFAULT)
  TABLESPACE "USERS" ;
--------------------------------------------------------
--  DDL for Index SYS_C0017214
--------------------------------------------------------

  CREATE UNIQUE INDEX "IS680_JANARDHANAN"."SYS_C0017214" ON "IS680_JANARDHANAN"."TEAMS" ("TEAM_ID") 
  PCTFREE 10 INITRANS 2 MAXTRANS 255 COMPUTE STATISTICS 
  STORAGE(INITIAL 65536 NEXT 1048576 MINEXTENTS 1 MAXEXTENTS 2147483645
  PCTINCREASE 0 FREELISTS 1 FREELIST GROUPS 1
  BUFFER_POOL DEFAULT FLASH_CACHE DEFAULT CELL_FLASH_CACHE DEFAULT)
  TABLESPACE "USERS" ;
--------------------------------------------------------
--  DDL for Index SYS_C0017250
--------------------------------------------------------

  CREATE UNIQUE INDEX "IS680_JANARDHANAN"."SYS_C0017250" ON "IS680_JANARDHANAN"."TEAM_PLAYER" ("TEAM_ID", "PLAYER_ID") 
  PCTFREE 10 INITRANS 2 MAXTRANS 255 COMPUTE STATISTICS 
  STORAGE(INITIAL 65536 NEXT 1048576 MINEXTENTS 1 MAXEXTENTS 2147483645
  PCTINCREASE 0 FREELISTS 1 FREELIST GROUPS 1
  BUFFER_POOL DEFAULT FLASH_CACHE DEFAULT CELL_FLASH_CACHE DEFAULT)
  TABLESPACE "USERS" ;
--------------------------------------------------------
--  DDL for Index SYS_C0017218
--------------------------------------------------------

  CREATE UNIQUE INDEX "IS680_JANARDHANAN"."SYS_C0017218" ON "IS680_JANARDHANAN"."TEAM_STAFF" ("STAFF_ID", "TEAM_ID") 
  PCTFREE 10 INITRANS 2 MAXTRANS 255 COMPUTE STATISTICS 
  STORAGE(INITIAL 65536 NEXT 1048576 MINEXTENTS 1 MAXEXTENTS 2147483645
  PCTINCREASE 0 FREELISTS 1 FREELIST GROUPS 1
  BUFFER_POOL DEFAULT FLASH_CACHE DEFAULT CELL_FLASH_CACHE DEFAULT)
  TABLESPACE "USERS" ;
--------------------------------------------------------
--  DDL for Index SYS_C0017222
--------------------------------------------------------

  CREATE UNIQUE INDEX "IS680_JANARDHANAN"."SYS_C0017222" ON "IS680_JANARDHANAN"."TOURNAMENT" ("TOURNAMENT_ID") 
  PCTFREE 10 INITRANS 2 MAXTRANS 255 COMPUTE STATISTICS 
  STORAGE(INITIAL 65536 NEXT 1048576 MINEXTENTS 1 MAXEXTENTS 2147483645
  PCTINCREASE 0 FREELISTS 1 FREELIST GROUPS 1
  BUFFER_POOL DEFAULT FLASH_CACHE DEFAULT CELL_FLASH_CACHE DEFAULT)
  TABLESPACE "USERS" ;
--------------------------------------------------------
--  DDL for Index SYS_C0017231
--------------------------------------------------------

  CREATE UNIQUE INDEX "IS680_JANARDHANAN"."SYS_C0017231" ON "IS680_JANARDHANAN"."TOURNEY_GROUP_TEAM" ("TEAM_ID", "GROUP_ID", "TOURNAMENT_ID") 
  PCTFREE 10 INITRANS 2 MAXTRANS 255 COMPUTE STATISTICS 
  STORAGE(INITIAL 65536 NEXT 1048576 MINEXTENTS 1 MAXEXTENTS 2147483645
  PCTINCREASE 0 FREELISTS 1 FREELIST GROUPS 1
  BUFFER_POOL DEFAULT FLASH_CACHE DEFAULT CELL_FLASH_CACHE DEFAULT)
  TABLESPACE "USERS" ;
--------------------------------------------------------
--  DDL for Index SYS_C0017211
--------------------------------------------------------

  CREATE UNIQUE INDEX "IS680_JANARDHANAN"."SYS_C0017211" ON "IS680_JANARDHANAN"."VENUE" ("VENUE_ID") 
  PCTFREE 10 INITRANS 2 MAXTRANS 255 COMPUTE STATISTICS 
  STORAGE(INITIAL 65536 NEXT 1048576 MINEXTENTS 1 MAXEXTENTS 2147483645
  PCTINCREASE 0 FREELISTS 1 FREELIST GROUPS 1
  BUFFER_POOL DEFAULT FLASH_CACHE DEFAULT CELL_FLASH_CACHE DEFAULT)
  TABLESPACE "USERS" ;
--------------------------------------------------------
--  DDL for Trigger SET_MATCH_WINNER
--------------------------------------------------------

  CREATE OR REPLACE EDITIONABLE TRIGGER "IS680_JANARDHANAN"."SET_MATCH_WINNER" 
BEFORE INSERT OR UPDATE ON MATCHES
FOR EACH ROW
DECLARE
    HOME_TEAM_NAME TEAMS.TEAM_NAME%TYPE;
    AWAY_TEAM_NAME TEAMS.TEAM_NAME%TYPE;
BEGIN
    -- Get team names
    SELECT TEAM_NAME INTO HOME_TEAM_NAME FROM TEAMS WHERE TEAM_ID = :NEW.HOME_ID;
    SELECT TEAM_NAME INTO AWAY_TEAM_NAME FROM TEAMS WHERE TEAM_ID = :NEW.AWAY_ID;

    -- Cancelled match
    IF :NEW.STATUS_ID = 3 THEN  -- Cancelled
        :NEW.WINNER := 'No Result';  -- Set No Result in case of cancellation

    -- Completed match
    ELSIF :NEW.STATUS_ID = 1 THEN  -- Completed
        IF :NEW.HOME_SCORE > :NEW.AWAY_SCORE THEN
            :NEW.WINNER := HOME_TEAM_NAME;  -- HOME team wins

        ELSIF :NEW.HOME_SCORE < :NEW.AWAY_SCORE THEN
            :NEW.WINNER := AWAY_TEAM_NAME;  -- AWAY team wins

        ELSIF :NEW.HOME_SCORE = :NEW.AWAY_SCORE THEN
            -- Check penalty if scores are tied
            IF :NEW.HOME_PENALTY IS NOT NULL AND :NEW.AWAY_PENALTY IS NOT NULL THEN
                IF :NEW.HOME_PENALTY > :NEW.AWAY_PENALTY THEN
                    :NEW.WINNER := HOME_TEAM_NAME;  -- HOME team wins based on penalties
                ELSIF :NEW.HOME_PENALTY < :NEW.AWAY_PENALTY THEN
                    :NEW.WINNER := AWAY_TEAM_NAME;  -- AWAY team wins based on penalties
                ELSE
                    :NEW.WINNER := 'Draw';  -- Draw after penalties
                END IF;
            ELSE
                :NEW.WINNER := 'Draw';  -- Draw, no penalty
            END IF;
        END IF;
    END IF;
EXCEPTION
    WHEN OTHERS THEN
        -- Handle exceptions, e.g., log them or raise an application error
        RAISE_APPLICATION_ERROR(-20001, 'Error in SET_MATCH_WINNER trigger: ' || SQLERRM);
END SET_MATCH_WINNER;
/
ALTER TRIGGER "IS680_JANARDHANAN"."SET_MATCH_WINNER" ENABLE;
--------------------------------------------------------
--  DDL for Trigger SET_OFFICIAL_AGE
--------------------------------------------------------

  CREATE OR REPLACE EDITIONABLE TRIGGER "IS680_JANARDHANAN"."SET_OFFICIAL_AGE" 
BEFORE INSERT OR UPDATE ON OFFICIALS
FOR EACH ROW
BEGIN
  IF :NEW.DATE_OF_BIRTH IS NOT NULL THEN
    :NEW.AGE := FLOOR(MONTHS_BETWEEN(SYSDATE, :NEW.DATE_OF_BIRTH) / 12);
  END IF;
END;
/
ALTER TRIGGER "IS680_JANARDHANAN"."SET_OFFICIAL_AGE" ENABLE;
--------------------------------------------------------
--  DDL for Trigger SET_PLAYER_AGE
--------------------------------------------------------

  CREATE OR REPLACE EDITIONABLE TRIGGER "IS680_JANARDHANAN"."SET_PLAYER_AGE" 
BEFORE INSERT OR UPDATE ON PLAYER
FOR EACH ROW
BEGIN
  IF :NEW.DATE_OF_BIRTH IS NOT NULL THEN
    :NEW.AGE := FLOOR(MONTHS_BETWEEN(SYSDATE, :NEW.DATE_OF_BIRTH) / 12);
  END IF;
END;
/
ALTER TRIGGER "IS680_JANARDHANAN"."SET_PLAYER_AGE" ENABLE;
--------------------------------------------------------
--  DDL for Trigger UPDATE_TEAM_POINTS_I
--------------------------------------------------------

  CREATE OR REPLACE EDITIONABLE TRIGGER "IS680_JANARDHANAN"."UPDATE_TEAM_POINTS_I" 
AFTER INSERT ON MATCHES
FOR EACH ROW
BEGIN
  -- Only apply logic if match is completed and NOT a playoff
  IF :NEW.STATUS_ID = 1 AND :NEW.IS_PLAYOFF = 'N' THEN
    IF :NEW.HOME_SCORE > :NEW.AWAY_SCORE THEN
      UPDATE TOURNEY_GROUP_TEAM
      SET POINTS = NVL(POINTS, 0) + 3
      WHERE TEAM_ID = :NEW.HOME_ID AND GROUP_ID = :NEW.GROUP_ID AND TOURNAMENT_ID = :NEW.TOURNAMENT_ID;

    ELSIF :NEW.HOME_SCORE < :NEW.AWAY_SCORE THEN
      UPDATE TOURNEY_GROUP_TEAM
      SET POINTS = NVL(POINTS, 0) + 3
      WHERE TEAM_ID = :NEW.AWAY_ID AND GROUP_ID = :NEW.GROUP_ID AND TOURNAMENT_ID = :NEW.TOURNAMENT_ID;

    ELSE
      UPDATE TOURNEY_GROUP_TEAM
      SET POINTS = NVL(POINTS, 0) + 1
      WHERE TEAM_ID IN (:NEW.HOME_ID, :NEW.AWAY_ID)
      AND GROUP_ID = :NEW.GROUP_ID AND TOURNAMENT_ID = :NEW.TOURNAMENT_ID;
    END IF;
  END IF;
END;
/
ALTER TRIGGER "IS680_JANARDHANAN"."UPDATE_TEAM_POINTS_I" ENABLE;
--------------------------------------------------------
--  DDL for Trigger UPDATE_TEAM_POINTS_U
--------------------------------------------------------

  CREATE OR REPLACE EDITIONABLE TRIGGER "IS680_JANARDHANAN"."UPDATE_TEAM_POINTS_U" 
AFTER UPDATE ON MATCHES
FOR EACH ROW
DECLARE
  old_home_pts INT := 0;
  old_away_pts INT := 0;
  new_home_pts INT := 0;
  new_away_pts INT := 0;
BEGIN
  IF :NEW.STATUS_ID = 1 AND :NEW.IS_PLAYOFF = 'N' AND (
      :NEW.HOME_SCORE != :OLD.HOME_SCORE OR 
      :NEW.AWAY_SCORE != :OLD.AWAY_SCORE OR 
      :NEW.STATUS_ID != :OLD.STATUS_ID OR
      :NEW.IS_PLAYOFF != :OLD.IS_PLAYOFF
  ) THEN

    IF :OLD.STATUS_ID = 1 AND :OLD.IS_PLAYOFF = 'N' THEN
      IF :OLD.HOME_SCORE > :OLD.AWAY_SCORE THEN
        old_home_pts := 3;
      ELSIF :OLD.HOME_SCORE < :OLD.AWAY_SCORE THEN
        old_away_pts := 3;
      ELSE
        old_home_pts := 1;
        old_away_pts := 1;
      END IF;
    END IF;

    IF :NEW.HOME_SCORE > :NEW.AWAY_SCORE THEN
      new_home_pts := 3;
    ELSIF :NEW.HOME_SCORE < :NEW.AWAY_SCORE THEN
      new_away_pts := 3;
    ELSE
      new_home_pts := 1;
      new_away_pts := 1;
    END IF;

    -- Revert old points
    UPDATE TOURNEY_GROUP_TEAM
    SET POINTS = NVL(POINTS, 0) - old_home_pts
    WHERE TEAM_ID = :OLD.HOME_ID AND GROUP_ID = :NEW.GROUP_ID AND TOURNAMENT_ID = :NEW.TOURNAMENT_ID;

    UPDATE TOURNEY_GROUP_TEAM
    SET POINTS = NVL(POINTS, 0) - old_away_pts
    WHERE TEAM_ID = :OLD.AWAY_ID AND GROUP_ID = :NEW.GROUP_ID AND TOURNAMENT_ID = :NEW.TOURNAMENT_ID;

    -- Add new points
    UPDATE TOURNEY_GROUP_TEAM
    SET POINTS = NVL(POINTS, 0) + new_home_pts
    WHERE TEAM_ID = :NEW.HOME_ID AND GROUP_ID = :NEW.GROUP_ID AND TOURNAMENT_ID = :NEW.TOURNAMENT_ID;

    UPDATE TOURNEY_GROUP_TEAM
    SET POINTS = NVL(POINTS, 0) + new_away_pts
    WHERE TEAM_ID = :NEW.AWAY_ID AND GROUP_ID = :NEW.GROUP_ID AND TOURNAMENT_ID = :NEW.TOURNAMENT_ID;
  END IF;
END;
/
ALTER TRIGGER "IS680_JANARDHANAN"."UPDATE_TEAM_POINTS_U" ENABLE;
--------------------------------------------------------
--  DDL for Trigger UPDATE_TEAM_STANDINGS
--------------------------------------------------------

  CREATE OR REPLACE EDITIONABLE TRIGGER "IS680_JANARDHANAN"."UPDATE_TEAM_STANDINGS" 
AFTER INSERT OR UPDATE ON MATCHES
FOR EACH ROW
DECLARE
BEGIN
  -- Use a PL/SQL block to update standings based on points in descending order
  FOR grp IN (
    SELECT DISTINCT GROUP_ID, TOURNAMENT_ID
    FROM TOURNEY_GROUP_TEAM
  ) LOOP
    FOR rec IN (
      SELECT TEAM_ID
      FROM TOURNEY_GROUP_TEAM
      WHERE GROUP_ID = grp.GROUP_ID AND TOURNAMENT_ID = grp.TOURNAMENT_ID
      ORDER BY NVL(POINTS, 0) DESC
    ) LOOP
      UPDATE TOURNEY_GROUP_TEAM
      SET STANDING = (
        SELECT COUNT(*) + 1
        FROM TOURNEY_GROUP_TEAM t2
        WHERE t2.GROUP_ID = grp.GROUP_ID
          AND t2.TOURNAMENT_ID = grp.TOURNAMENT_ID
          AND NVL(t2.POINTS, 0) > NVL(
            (SELECT POINTS FROM TOURNEY_GROUP_TEAM
             WHERE TEAM_ID = rec.TEAM_ID
               AND GROUP_ID = grp.GROUP_ID
               AND TOURNAMENT_ID = grp.TOURNAMENT_ID), 0)
      )
      WHERE TEAM_ID = rec.TEAM_ID
        AND GROUP_ID = grp.GROUP_ID
        AND TOURNAMENT_ID = grp.TOURNAMENT_ID;
    END LOOP;
  END LOOP;
END;
/
ALTER TRIGGER "IS680_JANARDHANAN"."UPDATE_TEAM_STANDINGS" ENABLE;
--------------------------------------------------------
--  DDL for Trigger UPDATE_TEAM_POINTS_I
--------------------------------------------------------

  CREATE OR REPLACE EDITIONABLE TRIGGER "IS680_JANARDHANAN"."UPDATE_TEAM_POINTS_I" 
AFTER INSERT ON MATCHES
FOR EACH ROW
BEGIN
  -- Only apply logic if match is completed and NOT a playoff
  IF :NEW.STATUS_ID = 1 AND :NEW.IS_PLAYOFF = 'N' THEN
    IF :NEW.HOME_SCORE > :NEW.AWAY_SCORE THEN
      UPDATE TOURNEY_GROUP_TEAM
      SET POINTS = NVL(POINTS, 0) + 3
      WHERE TEAM_ID = :NEW.HOME_ID AND GROUP_ID = :NEW.GROUP_ID AND TOURNAMENT_ID = :NEW.TOURNAMENT_ID;

    ELSIF :NEW.HOME_SCORE < :NEW.AWAY_SCORE THEN
      UPDATE TOURNEY_GROUP_TEAM
      SET POINTS = NVL(POINTS, 0) + 3
      WHERE TEAM_ID = :NEW.AWAY_ID AND GROUP_ID = :NEW.GROUP_ID AND TOURNAMENT_ID = :NEW.TOURNAMENT_ID;

    ELSE
      UPDATE TOURNEY_GROUP_TEAM
      SET POINTS = NVL(POINTS, 0) + 1
      WHERE TEAM_ID IN (:NEW.HOME_ID, :NEW.AWAY_ID)
      AND GROUP_ID = :NEW.GROUP_ID AND TOURNAMENT_ID = :NEW.TOURNAMENT_ID;
    END IF;
  END IF;
END;
/
ALTER TRIGGER "IS680_JANARDHANAN"."UPDATE_TEAM_POINTS_I" ENABLE;
--------------------------------------------------------
--  DDL for Trigger SET_MATCH_WINNER
--------------------------------------------------------

  CREATE OR REPLACE EDITIONABLE TRIGGER "IS680_JANARDHANAN"."SET_MATCH_WINNER" 
BEFORE INSERT OR UPDATE ON MATCHES
FOR EACH ROW
DECLARE
    HOME_TEAM_NAME TEAMS.TEAM_NAME%TYPE;
    AWAY_TEAM_NAME TEAMS.TEAM_NAME%TYPE;
BEGIN
    -- Get team names
    SELECT TEAM_NAME INTO HOME_TEAM_NAME FROM TEAMS WHERE TEAM_ID = :NEW.HOME_ID;
    SELECT TEAM_NAME INTO AWAY_TEAM_NAME FROM TEAMS WHERE TEAM_ID = :NEW.AWAY_ID;

    -- Cancelled match
    IF :NEW.STATUS_ID = 3 THEN  -- Cancelled
        :NEW.WINNER := 'No Result';  -- Set No Result in case of cancellation

    -- Completed match
    ELSIF :NEW.STATUS_ID = 1 THEN  -- Completed
        IF :NEW.HOME_SCORE > :NEW.AWAY_SCORE THEN
            :NEW.WINNER := HOME_TEAM_NAME;  -- HOME team wins

        ELSIF :NEW.HOME_SCORE < :NEW.AWAY_SCORE THEN
            :NEW.WINNER := AWAY_TEAM_NAME;  -- AWAY team wins

        ELSIF :NEW.HOME_SCORE = :NEW.AWAY_SCORE THEN
            -- Check penalty if scores are tied
            IF :NEW.HOME_PENALTY IS NOT NULL AND :NEW.AWAY_PENALTY IS NOT NULL THEN
                IF :NEW.HOME_PENALTY > :NEW.AWAY_PENALTY THEN
                    :NEW.WINNER := HOME_TEAM_NAME;  -- HOME team wins based on penalties
                ELSIF :NEW.HOME_PENALTY < :NEW.AWAY_PENALTY THEN
                    :NEW.WINNER := AWAY_TEAM_NAME;  -- AWAY team wins based on penalties
                ELSE
                    :NEW.WINNER := 'Draw';  -- Draw after penalties
                END IF;
            ELSE
                :NEW.WINNER := 'Draw';  -- Draw, no penalty
            END IF;
        END IF;
    END IF;
EXCEPTION
    WHEN OTHERS THEN
        -- Handle exceptions, e.g., log them or raise an application error
        RAISE_APPLICATION_ERROR(-20001, 'Error in SET_MATCH_WINNER trigger: ' || SQLERRM);
END SET_MATCH_WINNER;
/
ALTER TRIGGER "IS680_JANARDHANAN"."SET_MATCH_WINNER" ENABLE;
--------------------------------------------------------
--  DDL for Trigger UPDATE_TEAM_STANDINGS
--------------------------------------------------------

  CREATE OR REPLACE EDITIONABLE TRIGGER "IS680_JANARDHANAN"."UPDATE_TEAM_STANDINGS" 
AFTER INSERT OR UPDATE ON MATCHES
FOR EACH ROW
DECLARE
BEGIN
  -- Use a PL/SQL block to update standings based on points in descending order
  FOR grp IN (
    SELECT DISTINCT GROUP_ID, TOURNAMENT_ID
    FROM TOURNEY_GROUP_TEAM
  ) LOOP
    FOR rec IN (
      SELECT TEAM_ID
      FROM TOURNEY_GROUP_TEAM
      WHERE GROUP_ID = grp.GROUP_ID AND TOURNAMENT_ID = grp.TOURNAMENT_ID
      ORDER BY NVL(POINTS, 0) DESC
    ) LOOP
      UPDATE TOURNEY_GROUP_TEAM
      SET STANDING = (
        SELECT COUNT(*) + 1
        FROM TOURNEY_GROUP_TEAM t2
        WHERE t2.GROUP_ID = grp.GROUP_ID
          AND t2.TOURNAMENT_ID = grp.TOURNAMENT_ID
          AND NVL(t2.POINTS, 0) > NVL(
            (SELECT POINTS FROM TOURNEY_GROUP_TEAM
             WHERE TEAM_ID = rec.TEAM_ID
               AND GROUP_ID = grp.GROUP_ID
               AND TOURNAMENT_ID = grp.TOURNAMENT_ID), 0)
      )
      WHERE TEAM_ID = rec.TEAM_ID
        AND GROUP_ID = grp.GROUP_ID
        AND TOURNAMENT_ID = grp.TOURNAMENT_ID;
    END LOOP;
  END LOOP;
END;
/
ALTER TRIGGER "IS680_JANARDHANAN"."UPDATE_TEAM_STANDINGS" ENABLE;
--------------------------------------------------------
--  DDL for Trigger UPDATE_TEAM_POINTS_U
--------------------------------------------------------

  CREATE OR REPLACE EDITIONABLE TRIGGER "IS680_JANARDHANAN"."UPDATE_TEAM_POINTS_U" 
AFTER UPDATE ON MATCHES
FOR EACH ROW
DECLARE
  old_home_pts INT := 0;
  old_away_pts INT := 0;
  new_home_pts INT := 0;
  new_away_pts INT := 0;
BEGIN
  IF :NEW.STATUS_ID = 1 AND :NEW.IS_PLAYOFF = 'N' AND (
      :NEW.HOME_SCORE != :OLD.HOME_SCORE OR 
      :NEW.AWAY_SCORE != :OLD.AWAY_SCORE OR 
      :NEW.STATUS_ID != :OLD.STATUS_ID OR
      :NEW.IS_PLAYOFF != :OLD.IS_PLAYOFF
  ) THEN

    IF :OLD.STATUS_ID = 1 AND :OLD.IS_PLAYOFF = 'N' THEN
      IF :OLD.HOME_SCORE > :OLD.AWAY_SCORE THEN
        old_home_pts := 3;
      ELSIF :OLD.HOME_SCORE < :OLD.AWAY_SCORE THEN
        old_away_pts := 3;
      ELSE
        old_home_pts := 1;
        old_away_pts := 1;
      END IF;
    END IF;

    IF :NEW.HOME_SCORE > :NEW.AWAY_SCORE THEN
      new_home_pts := 3;
    ELSIF :NEW.HOME_SCORE < :NEW.AWAY_SCORE THEN
      new_away_pts := 3;
    ELSE
      new_home_pts := 1;
      new_away_pts := 1;
    END IF;

    -- Revert old points
    UPDATE TOURNEY_GROUP_TEAM
    SET POINTS = NVL(POINTS, 0) - old_home_pts
    WHERE TEAM_ID = :OLD.HOME_ID AND GROUP_ID = :NEW.GROUP_ID AND TOURNAMENT_ID = :NEW.TOURNAMENT_ID;

    UPDATE TOURNEY_GROUP_TEAM
    SET POINTS = NVL(POINTS, 0) - old_away_pts
    WHERE TEAM_ID = :OLD.AWAY_ID AND GROUP_ID = :NEW.GROUP_ID AND TOURNAMENT_ID = :NEW.TOURNAMENT_ID;

    -- Add new points
    UPDATE TOURNEY_GROUP_TEAM
    SET POINTS = NVL(POINTS, 0) + new_home_pts
    WHERE TEAM_ID = :NEW.HOME_ID AND GROUP_ID = :NEW.GROUP_ID AND TOURNAMENT_ID = :NEW.TOURNAMENT_ID;

    UPDATE TOURNEY_GROUP_TEAM
    SET POINTS = NVL(POINTS, 0) + new_away_pts
    WHERE TEAM_ID = :NEW.AWAY_ID AND GROUP_ID = :NEW.GROUP_ID AND TOURNAMENT_ID = :NEW.TOURNAMENT_ID;
  END IF;
END;
/
ALTER TRIGGER "IS680_JANARDHANAN"."UPDATE_TEAM_POINTS_U" ENABLE;
--------------------------------------------------------
--  DDL for Trigger SET_OFFICIAL_AGE
--------------------------------------------------------

  CREATE OR REPLACE EDITIONABLE TRIGGER "IS680_JANARDHANAN"."SET_OFFICIAL_AGE" 
BEFORE INSERT OR UPDATE ON OFFICIALS
FOR EACH ROW
BEGIN
  IF :NEW.DATE_OF_BIRTH IS NOT NULL THEN
    :NEW.AGE := FLOOR(MONTHS_BETWEEN(SYSDATE, :NEW.DATE_OF_BIRTH) / 12);
  END IF;
END;
/
ALTER TRIGGER "IS680_JANARDHANAN"."SET_OFFICIAL_AGE" ENABLE;
--------------------------------------------------------
--  DDL for Trigger SET_PLAYER_AGE
--------------------------------------------------------

  CREATE OR REPLACE EDITIONABLE TRIGGER "IS680_JANARDHANAN"."SET_PLAYER_AGE" 
BEFORE INSERT OR UPDATE ON PLAYER
FOR EACH ROW
BEGIN
  IF :NEW.DATE_OF_BIRTH IS NOT NULL THEN
    :NEW.AGE := FLOOR(MONTHS_BETWEEN(SYSDATE, :NEW.DATE_OF_BIRTH) / 12);
  END IF;
END;
/
ALTER TRIGGER "IS680_JANARDHANAN"."SET_PLAYER_AGE" ENABLE;
--------------------------------------------------------
--  DDL for Procedure UPDATE_ALL_FREE_AGENTS
--------------------------------------------------------
set define off;

  CREATE OR REPLACE EDITIONABLE PROCEDURE "IS680_JANARDHANAN"."UPDATE_ALL_FREE_AGENTS" IS
BEGIN
    UPDATE PLAYER P
    SET IS_FREE_AGENT = (
        CASE
            WHEN EXISTS (
                SELECT 1
                FROM TEAM_PLAYER TP
                WHERE TP.PLAYER_ID = P.PLAYER_ID
                  AND (TP.END_DATE IS NULL OR TP.END_DATE > SYSDATE)
            )
            THEN 'N'
            ELSE 'Y'
        END
    );
END;

/
--------------------------------------------------------
--  Constraints for Table GROUPS
--------------------------------------------------------

  ALTER TABLE "IS680_JANARDHANAN"."GROUPS" MODIFY ("TOURNAMENT_ID" NOT NULL ENABLE);
  ALTER TABLE "IS680_JANARDHANAN"."GROUPS" MODIFY ("GROUP_NAME" NOT NULL ENABLE);
  ALTER TABLE "IS680_JANARDHANAN"."GROUPS" ADD PRIMARY KEY ("GROUP_ID", "TOURNAMENT_ID")
  USING INDEX PCTFREE 10 INITRANS 2 MAXTRANS 255 COMPUTE STATISTICS 
  STORAGE(INITIAL 65536 NEXT 1048576 MINEXTENTS 1 MAXEXTENTS 2147483645
  PCTINCREASE 0 FREELISTS 1 FREELIST GROUPS 1
  BUFFER_POOL DEFAULT FLASH_CACHE DEFAULT CELL_FLASH_CACHE DEFAULT)
  TABLESPACE "USERS"  ENABLE;
--------------------------------------------------------
--  Constraints for Table MATCHES
--------------------------------------------------------

  ALTER TABLE "IS680_JANARDHANAN"."MATCHES" MODIFY ("HOME_ID" NOT NULL ENABLE);
  ALTER TABLE "IS680_JANARDHANAN"."MATCHES" MODIFY ("AWAY_ID" NOT NULL ENABLE);
  ALTER TABLE "IS680_JANARDHANAN"."MATCHES" MODIFY ("GROUP_ID" NOT NULL ENABLE);
  ALTER TABLE "IS680_JANARDHANAN"."MATCHES" MODIFY ("TOURNAMENT_ID" NOT NULL ENABLE);
  ALTER TABLE "IS680_JANARDHANAN"."MATCHES" ADD CHECK (IS_ET IN ('Y', 'N')) ENABLE;
  ALTER TABLE "IS680_JANARDHANAN"."MATCHES" ADD CHECK (IS_PLAYOFF IN ('Y', 'N')) ENABLE;
  ALTER TABLE "IS680_JANARDHANAN"."MATCHES" ADD PRIMARY KEY ("MATCH_ID")
  USING INDEX PCTFREE 10 INITRANS 2 MAXTRANS 255 COMPUTE STATISTICS 
  STORAGE(INITIAL 65536 NEXT 1048576 MINEXTENTS 1 MAXEXTENTS 2147483645
  PCTINCREASE 0 FREELISTS 1 FREELIST GROUPS 1
  BUFFER_POOL DEFAULT FLASH_CACHE DEFAULT CELL_FLASH_CACHE DEFAULT)
  TABLESPACE "USERS"  ENABLE;
--------------------------------------------------------
--  Constraints for Table MATCH_STATUS
--------------------------------------------------------

  ALTER TABLE "IS680_JANARDHANAN"."MATCH_STATUS" MODIFY ("STATUS_NAME" NOT NULL ENABLE);
  ALTER TABLE "IS680_JANARDHANAN"."MATCH_STATUS" ADD PRIMARY KEY ("STATUS_ID")
  USING INDEX PCTFREE 10 INITRANS 2 MAXTRANS 255 COMPUTE STATISTICS 
  STORAGE(INITIAL 65536 NEXT 1048576 MINEXTENTS 1 MAXEXTENTS 2147483645
  PCTINCREASE 0 FREELISTS 1 FREELIST GROUPS 1
  BUFFER_POOL DEFAULT FLASH_CACHE DEFAULT CELL_FLASH_CACHE DEFAULT)
  TABLESPACE "USERS"  ENABLE;
--------------------------------------------------------
--  Constraints for Table OFFICIALS
--------------------------------------------------------

  ALTER TABLE "IS680_JANARDHANAN"."OFFICIALS" MODIFY ("OFFICIAL_NAME" NOT NULL ENABLE);
  ALTER TABLE "IS680_JANARDHANAN"."OFFICIALS" ADD PRIMARY KEY ("OFFICIAL_ID")
  USING INDEX PCTFREE 10 INITRANS 2 MAXTRANS 255 COMPUTE STATISTICS 
  STORAGE(INITIAL 65536 NEXT 1048576 MINEXTENTS 1 MAXEXTENTS 2147483645
  PCTINCREASE 0 FREELISTS 1 FREELIST GROUPS 1
  BUFFER_POOL DEFAULT FLASH_CACHE DEFAULT CELL_FLASH_CACHE DEFAULT)
  TABLESPACE "USERS"  ENABLE;
--------------------------------------------------------
--  Constraints for Table OFFICIAL_MATCH_TOURNEY
--------------------------------------------------------

  ALTER TABLE "IS680_JANARDHANAN"."OFFICIAL_MATCH_TOURNEY" ADD CONSTRAINT "PK_OFFICIAL_MATCH" PRIMARY KEY ("MATCH_ID", "OFFICIAL_ID")
  USING INDEX PCTFREE 10 INITRANS 2 MAXTRANS 255 COMPUTE STATISTICS 
  STORAGE(INITIAL 65536 NEXT 1048576 MINEXTENTS 1 MAXEXTENTS 2147483645
  PCTINCREASE 0 FREELISTS 1 FREELIST GROUPS 1
  BUFFER_POOL DEFAULT FLASH_CACHE DEFAULT CELL_FLASH_CACHE DEFAULT)
  TABLESPACE "USERS"  ENABLE;
  ALTER TABLE "IS680_JANARDHANAN"."OFFICIAL_MATCH_TOURNEY" MODIFY ("MATCH_ID" NOT NULL ENABLE);
  ALTER TABLE "IS680_JANARDHANAN"."OFFICIAL_MATCH_TOURNEY" MODIFY ("OFFICIAL_ID" NOT NULL ENABLE);
--------------------------------------------------------
--  Constraints for Table PLAYER
--------------------------------------------------------

  ALTER TABLE "IS680_JANARDHANAN"."PLAYER" MODIFY ("PLAYER_NAME" NOT NULL ENABLE);
  ALTER TABLE "IS680_JANARDHANAN"."PLAYER" MODIFY ("AGE" NOT NULL ENABLE);
  ALTER TABLE "IS680_JANARDHANAN"."PLAYER" MODIFY ("DATE_OF_BIRTH" NOT NULL ENABLE);
  ALTER TABLE "IS680_JANARDHANAN"."PLAYER" ADD PRIMARY KEY ("PLAYER_ID")
  USING INDEX PCTFREE 10 INITRANS 2 MAXTRANS 255 COMPUTE STATISTICS 
  STORAGE(INITIAL 65536 NEXT 1048576 MINEXTENTS 1 MAXEXTENTS 2147483645
  PCTINCREASE 0 FREELISTS 1 FREELIST GROUPS 1
  BUFFER_POOL DEFAULT FLASH_CACHE DEFAULT CELL_FLASH_CACHE DEFAULT)
  TABLESPACE "USERS"  ENABLE;
--------------------------------------------------------
--  Constraints for Table PLAYER_GOAL
--------------------------------------------------------

  ALTER TABLE "IS680_JANARDHANAN"."PLAYER_GOAL" MODIFY ("PLAYER_ID" NOT NULL ENABLE);
  ALTER TABLE "IS680_JANARDHANAN"."PLAYER_GOAL" MODIFY ("TEAM_ID" NOT NULL ENABLE);
  ALTER TABLE "IS680_JANARDHANAN"."PLAYER_GOAL" MODIFY ("MATCH_ID" NOT NULL ENABLE);
  ALTER TABLE "IS680_JANARDHANAN"."PLAYER_GOAL" MODIFY ("GOAL_ORDER" NOT NULL ENABLE);
  ALTER TABLE "IS680_JANARDHANAN"."PLAYER_GOAL" ADD CHECK (IS_PENALTY IN ('Y', 'N')) ENABLE;
  ALTER TABLE "IS680_JANARDHANAN"."PLAYER_GOAL" ADD CHECK (IS_OWN_GOAL IN ('Y', 'N')) ENABLE;
  ALTER TABLE "IS680_JANARDHANAN"."PLAYER_GOAL" ADD PRIMARY KEY ("GOAL_ID")
  USING INDEX PCTFREE 10 INITRANS 2 MAXTRANS 255 COMPUTE STATISTICS 
  STORAGE(INITIAL 65536 NEXT 1048576 MINEXTENTS 1 MAXEXTENTS 2147483645
  PCTINCREASE 0 FREELISTS 1 FREELIST GROUPS 1
  BUFFER_POOL DEFAULT FLASH_CACHE DEFAULT CELL_FLASH_CACHE DEFAULT)
  TABLESPACE "USERS"  ENABLE;
  ALTER TABLE "IS680_JANARDHANAN"."PLAYER_GOAL" ADD CONSTRAINT "UNIQUE_GOAL" UNIQUE ("PLAYER_ID", "MATCH_ID", "MINUTE_SCORED", "GOAL_ORDER")
  USING INDEX PCTFREE 10 INITRANS 2 MAXTRANS 255 COMPUTE STATISTICS 
  STORAGE(INITIAL 65536 NEXT 1048576 MINEXTENTS 1 MAXEXTENTS 2147483645
  PCTINCREASE 0 FREELISTS 1 FREELIST GROUPS 1
  BUFFER_POOL DEFAULT FLASH_CACHE DEFAULT CELL_FLASH_CACHE DEFAULT)
  TABLESPACE "USERS"  ENABLE;
--------------------------------------------------------
--  Constraints for Table PLAYER_POSITION
--------------------------------------------------------

  ALTER TABLE "IS680_JANARDHANAN"."PLAYER_POSITION" MODIFY ("POSITION_NAME" NOT NULL ENABLE);
  ALTER TABLE "IS680_JANARDHANAN"."PLAYER_POSITION" ADD PRIMARY KEY ("POSITION_ID")
  USING INDEX PCTFREE 10 INITRANS 2 MAXTRANS 255 COMPUTE STATISTICS 
  STORAGE(INITIAL 65536 NEXT 1048576 MINEXTENTS 1 MAXEXTENTS 2147483645
  PCTINCREASE 0 FREELISTS 1 FREELIST GROUPS 1
  BUFFER_POOL DEFAULT FLASH_CACHE DEFAULT CELL_FLASH_CACHE DEFAULT)
  TABLESPACE "USERS"  ENABLE;
--------------------------------------------------------
--  Constraints for Table STAFF
--------------------------------------------------------

  ALTER TABLE "IS680_JANARDHANAN"."STAFF" MODIFY ("ROLE_ID" NOT NULL ENABLE);
  ALTER TABLE "IS680_JANARDHANAN"."STAFF" MODIFY ("STAFF_NAME" NOT NULL ENABLE);
  ALTER TABLE "IS680_JANARDHANAN"."STAFF" ADD PRIMARY KEY ("STAFF_ID")
  USING INDEX PCTFREE 10 INITRANS 2 MAXTRANS 255 COMPUTE STATISTICS 
  STORAGE(INITIAL 65536 NEXT 1048576 MINEXTENTS 1 MAXEXTENTS 2147483645
  PCTINCREASE 0 FREELISTS 1 FREELIST GROUPS 1
  BUFFER_POOL DEFAULT FLASH_CACHE DEFAULT CELL_FLASH_CACHE DEFAULT)
  TABLESPACE "USERS"  ENABLE;
--------------------------------------------------------
--  Constraints for Table STAFF_ROLE
--------------------------------------------------------

  ALTER TABLE "IS680_JANARDHANAN"."STAFF_ROLE" MODIFY ("ROLE_NAME" NOT NULL ENABLE);
  ALTER TABLE "IS680_JANARDHANAN"."STAFF_ROLE" ADD PRIMARY KEY ("ROLE_ID")
  USING INDEX PCTFREE 10 INITRANS 2 MAXTRANS 255 COMPUTE STATISTICS 
  STORAGE(INITIAL 65536 NEXT 1048576 MINEXTENTS 1 MAXEXTENTS 2147483645
  PCTINCREASE 0 FREELISTS 1 FREELIST GROUPS 1
  BUFFER_POOL DEFAULT FLASH_CACHE DEFAULT CELL_FLASH_CACHE DEFAULT)
  TABLESPACE "USERS"  ENABLE;
--------------------------------------------------------
--  Constraints for Table TEAMS
--------------------------------------------------------

  ALTER TABLE "IS680_JANARDHANAN"."TEAMS" MODIFY ("HOME_VENUE" NOT NULL ENABLE);
  ALTER TABLE "IS680_JANARDHANAN"."TEAMS" MODIFY ("TEAM_NAME" NOT NULL ENABLE);
  ALTER TABLE "IS680_JANARDHANAN"."TEAMS" ADD PRIMARY KEY ("TEAM_ID")
  USING INDEX PCTFREE 10 INITRANS 2 MAXTRANS 255 COMPUTE STATISTICS 
  STORAGE(INITIAL 65536 NEXT 1048576 MINEXTENTS 1 MAXEXTENTS 2147483645
  PCTINCREASE 0 FREELISTS 1 FREELIST GROUPS 1
  BUFFER_POOL DEFAULT FLASH_CACHE DEFAULT CELL_FLASH_CACHE DEFAULT)
  TABLESPACE "USERS"  ENABLE;
--------------------------------------------------------
--  Constraints for Table TEAM_PLAYER
--------------------------------------------------------

  ALTER TABLE "IS680_JANARDHANAN"."TEAM_PLAYER" MODIFY ("TEAM_ID" NOT NULL ENABLE);
  ALTER TABLE "IS680_JANARDHANAN"."TEAM_PLAYER" MODIFY ("PLAYER_ID" NOT NULL ENABLE);
  ALTER TABLE "IS680_JANARDHANAN"."TEAM_PLAYER" MODIFY ("POSITION_ID" NOT NULL ENABLE);
  ALTER TABLE "IS680_JANARDHANAN"."TEAM_PLAYER" ADD CONSTRAINT "CHECK_PLAYER_DATES" CHECK (START_DATE <= END_DATE) ENABLE;
  ALTER TABLE "IS680_JANARDHANAN"."TEAM_PLAYER" ADD PRIMARY KEY ("TEAM_ID", "PLAYER_ID")
  USING INDEX PCTFREE 10 INITRANS 2 MAXTRANS 255 COMPUTE STATISTICS 
  STORAGE(INITIAL 65536 NEXT 1048576 MINEXTENTS 1 MAXEXTENTS 2147483645
  PCTINCREASE 0 FREELISTS 1 FREELIST GROUPS 1
  BUFFER_POOL DEFAULT FLASH_CACHE DEFAULT CELL_FLASH_CACHE DEFAULT)
  TABLESPACE "USERS"  ENABLE;
--------------------------------------------------------
--  Constraints for Table TEAM_STAFF
--------------------------------------------------------

  ALTER TABLE "IS680_JANARDHANAN"."TEAM_STAFF" MODIFY ("STAFF_ID" NOT NULL ENABLE);
  ALTER TABLE "IS680_JANARDHANAN"."TEAM_STAFF" MODIFY ("TEAM_ID" NOT NULL ENABLE);
  ALTER TABLE "IS680_JANARDHANAN"."TEAM_STAFF" ADD PRIMARY KEY ("STAFF_ID", "TEAM_ID")
  USING INDEX PCTFREE 10 INITRANS 2 MAXTRANS 255 COMPUTE STATISTICS 
  STORAGE(INITIAL 65536 NEXT 1048576 MINEXTENTS 1 MAXEXTENTS 2147483645
  PCTINCREASE 0 FREELISTS 1 FREELIST GROUPS 1
  BUFFER_POOL DEFAULT FLASH_CACHE DEFAULT CELL_FLASH_CACHE DEFAULT)
  TABLESPACE "USERS"  ENABLE;
--------------------------------------------------------
--  Constraints for Table TOURNAMENT
--------------------------------------------------------

  ALTER TABLE "IS680_JANARDHANAN"."TOURNAMENT" MODIFY ("TOURNAMENT_NAME" NOT NULL ENABLE);
  ALTER TABLE "IS680_JANARDHANAN"."TOURNAMENT" ADD PRIMARY KEY ("TOURNAMENT_ID")
  USING INDEX PCTFREE 10 INITRANS 2 MAXTRANS 255 COMPUTE STATISTICS 
  STORAGE(INITIAL 65536 NEXT 1048576 MINEXTENTS 1 MAXEXTENTS 2147483645
  PCTINCREASE 0 FREELISTS 1 FREELIST GROUPS 1
  BUFFER_POOL DEFAULT FLASH_CACHE DEFAULT CELL_FLASH_CACHE DEFAULT)
  TABLESPACE "USERS"  ENABLE;
--------------------------------------------------------
--  Constraints for Table TOURNEY_GROUP_TEAM
--------------------------------------------------------

  ALTER TABLE "IS680_JANARDHANAN"."TOURNEY_GROUP_TEAM" MODIFY ("GROUP_ID" NOT NULL ENABLE);
  ALTER TABLE "IS680_JANARDHANAN"."TOURNEY_GROUP_TEAM" MODIFY ("TOURNAMENT_ID" NOT NULL ENABLE);
  ALTER TABLE "IS680_JANARDHANAN"."TOURNEY_GROUP_TEAM" MODIFY ("TEAM_ID" NOT NULL ENABLE);
  ALTER TABLE "IS680_JANARDHANAN"."TOURNEY_GROUP_TEAM" ADD CHECK (IS_QUALIFIED IN ('Y', 'N')) ENABLE;
  ALTER TABLE "IS680_JANARDHANAN"."TOURNEY_GROUP_TEAM" ADD PRIMARY KEY ("TEAM_ID", "GROUP_ID", "TOURNAMENT_ID")
  USING INDEX PCTFREE 10 INITRANS 2 MAXTRANS 255 COMPUTE STATISTICS 
  STORAGE(INITIAL 65536 NEXT 1048576 MINEXTENTS 1 MAXEXTENTS 2147483645
  PCTINCREASE 0 FREELISTS 1 FREELIST GROUPS 1
  BUFFER_POOL DEFAULT FLASH_CACHE DEFAULT CELL_FLASH_CACHE DEFAULT)
  TABLESPACE "USERS"  ENABLE;
--------------------------------------------------------
--  Constraints for Table VENUE
--------------------------------------------------------

  ALTER TABLE "IS680_JANARDHANAN"."VENUE" MODIFY ("VENUE_NAME" NOT NULL ENABLE);
  ALTER TABLE "IS680_JANARDHANAN"."VENUE" ADD PRIMARY KEY ("VENUE_ID")
  USING INDEX PCTFREE 10 INITRANS 2 MAXTRANS 255 COMPUTE STATISTICS 
  STORAGE(INITIAL 65536 NEXT 1048576 MINEXTENTS 1 MAXEXTENTS 2147483645
  PCTINCREASE 0 FREELISTS 1 FREELIST GROUPS 1
  BUFFER_POOL DEFAULT FLASH_CACHE DEFAULT CELL_FLASH_CACHE DEFAULT)
  TABLESPACE "USERS"  ENABLE;
--------------------------------------------------------
--  Ref Constraints for Table GROUPS
--------------------------------------------------------

  ALTER TABLE "IS680_JANARDHANAN"."GROUPS" ADD FOREIGN KEY ("TOURNAMENT_ID")
	  REFERENCES "IS680_JANARDHANAN"."TOURNAMENT" ("TOURNAMENT_ID") ENABLE;
--------------------------------------------------------
--  Ref Constraints for Table MATCHES
--------------------------------------------------------

  ALTER TABLE "IS680_JANARDHANAN"."MATCHES" ADD FOREIGN KEY ("HOME_ID")
	  REFERENCES "IS680_JANARDHANAN"."TEAMS" ("TEAM_ID") ENABLE;
  ALTER TABLE "IS680_JANARDHANAN"."MATCHES" ADD FOREIGN KEY ("AWAY_ID")
	  REFERENCES "IS680_JANARDHANAN"."TEAMS" ("TEAM_ID") ENABLE;
  ALTER TABLE "IS680_JANARDHANAN"."MATCHES" ADD FOREIGN KEY ("POTM")
	  REFERENCES "IS680_JANARDHANAN"."PLAYER" ("PLAYER_ID") ENABLE;
  ALTER TABLE "IS680_JANARDHANAN"."MATCHES" ADD FOREIGN KEY ("STATUS_ID")
	  REFERENCES "IS680_JANARDHANAN"."MATCH_STATUS" ("STATUS_ID") ENABLE;
  ALTER TABLE "IS680_JANARDHANAN"."MATCHES" ADD FOREIGN KEY ("GROUP_ID", "TOURNAMENT_ID")
	  REFERENCES "IS680_JANARDHANAN"."GROUPS" ("GROUP_ID", "TOURNAMENT_ID") ENABLE;
  ALTER TABLE "IS680_JANARDHANAN"."MATCHES" ADD FOREIGN KEY ("VENUE_ID")
	  REFERENCES "IS680_JANARDHANAN"."VENUE" ("VENUE_ID") ENABLE;
--------------------------------------------------------
--  Ref Constraints for Table OFFICIAL_MATCH_TOURNEY
--------------------------------------------------------

  ALTER TABLE "IS680_JANARDHANAN"."OFFICIAL_MATCH_TOURNEY" ADD FOREIGN KEY ("MATCH_ID")
	  REFERENCES "IS680_JANARDHANAN"."MATCHES" ("MATCH_ID") ENABLE;
  ALTER TABLE "IS680_JANARDHANAN"."OFFICIAL_MATCH_TOURNEY" ADD FOREIGN KEY ("OFFICIAL_ID")
	  REFERENCES "IS680_JANARDHANAN"."OFFICIALS" ("OFFICIAL_ID") ENABLE;
--------------------------------------------------------
--  Ref Constraints for Table PLAYER_GOAL
--------------------------------------------------------

  ALTER TABLE "IS680_JANARDHANAN"."PLAYER_GOAL" ADD FOREIGN KEY ("PLAYER_ID")
	  REFERENCES "IS680_JANARDHANAN"."PLAYER" ("PLAYER_ID") ENABLE;
  ALTER TABLE "IS680_JANARDHANAN"."PLAYER_GOAL" ADD FOREIGN KEY ("TEAM_ID")
	  REFERENCES "IS680_JANARDHANAN"."TEAMS" ("TEAM_ID") ENABLE;
  ALTER TABLE "IS680_JANARDHANAN"."PLAYER_GOAL" ADD FOREIGN KEY ("MATCH_ID")
	  REFERENCES "IS680_JANARDHANAN"."MATCHES" ("MATCH_ID") ENABLE;
  ALTER TABLE "IS680_JANARDHANAN"."PLAYER_GOAL" ADD CONSTRAINT "FK_ASSIST_BY" FOREIGN KEY ("ASSIST_BY")
	  REFERENCES "IS680_JANARDHANAN"."PLAYER" ("PLAYER_ID") ENABLE;
--------------------------------------------------------
--  Ref Constraints for Table STAFF
--------------------------------------------------------

  ALTER TABLE "IS680_JANARDHANAN"."STAFF" ADD FOREIGN KEY ("ROLE_ID")
	  REFERENCES "IS680_JANARDHANAN"."STAFF_ROLE" ("ROLE_ID") ENABLE;
--------------------------------------------------------
--  Ref Constraints for Table TEAMS
--------------------------------------------------------

  ALTER TABLE "IS680_JANARDHANAN"."TEAMS" ADD FOREIGN KEY ("HOME_VENUE")
	  REFERENCES "IS680_JANARDHANAN"."VENUE" ("VENUE_ID") ENABLE;
--------------------------------------------------------
--  Ref Constraints for Table TEAM_PLAYER
--------------------------------------------------------

  ALTER TABLE "IS680_JANARDHANAN"."TEAM_PLAYER" ADD FOREIGN KEY ("TEAM_ID")
	  REFERENCES "IS680_JANARDHANAN"."TEAMS" ("TEAM_ID") ENABLE;
  ALTER TABLE "IS680_JANARDHANAN"."TEAM_PLAYER" ADD FOREIGN KEY ("PLAYER_ID")
	  REFERENCES "IS680_JANARDHANAN"."PLAYER" ("PLAYER_ID") ENABLE;
  ALTER TABLE "IS680_JANARDHANAN"."TEAM_PLAYER" ADD FOREIGN KEY ("POSITION_ID")
	  REFERENCES "IS680_JANARDHANAN"."PLAYER_POSITION" ("POSITION_ID") ENABLE;
--------------------------------------------------------
--  Ref Constraints for Table TEAM_STAFF
--------------------------------------------------------

  ALTER TABLE "IS680_JANARDHANAN"."TEAM_STAFF" ADD FOREIGN KEY ("STAFF_ID")
	  REFERENCES "IS680_JANARDHANAN"."STAFF" ("STAFF_ID") ENABLE;
  ALTER TABLE "IS680_JANARDHANAN"."TEAM_STAFF" ADD FOREIGN KEY ("TEAM_ID")
	  REFERENCES "IS680_JANARDHANAN"."TEAMS" ("TEAM_ID") ENABLE;
--------------------------------------------------------
--  Ref Constraints for Table TOURNEY_GROUP_TEAM
--------------------------------------------------------

  ALTER TABLE "IS680_JANARDHANAN"."TOURNEY_GROUP_TEAM" ADD FOREIGN KEY ("TEAM_ID")
	  REFERENCES "IS680_JANARDHANAN"."TEAMS" ("TEAM_ID") ENABLE;
  ALTER TABLE "IS680_JANARDHANAN"."TOURNEY_GROUP_TEAM" ADD FOREIGN KEY ("GROUP_ID", "TOURNAMENT_ID")
	  REFERENCES "IS680_JANARDHANAN"."GROUPS" ("GROUP_ID", "TOURNAMENT_ID") ENABLE;
